plan mode=num_epochs max_steps=45191 target_tokens=369476240 estimated_epochs=8.0001
baseline step=0 eval_loss=9.859895
step=10 train_loss=8.893909
step=20 train_loss=8.426938
step=30 train_loss=7.818760
step=40 train_loss=7.573946
step=50 train_loss=7.168681
step=60 train_loss=6.779636
step=70 train_loss=6.198284
step=80 train_loss=6.295327
step=90 train_loss=5.780200
step=100 train_loss=6.397386
step=110 train_loss=6.121648
step=120 train_loss=5.778265
step=130 train_loss=6.106017
step=140 train_loss=5.335053
step=150 train_loss=6.085888
step=160 train_loss=5.779283
step=170 train_loss=5.283605
step=180 train_loss=5.204327
step=190 train_loss=5.170940
step=200 train_loss=5.571213
step=210 train_loss=5.315082
step=220 train_loss=6.034965
step=230 train_loss=4.650657
step=240 train_loss=5.024149
step=250 train_loss=4.614987
step=260 train_loss=4.926424
step=270 train_loss=4.612338
step=280 train_loss=4.763595
step=290 train_loss=4.385457
step=300 train_loss=5.215817
step=310 train_loss=4.547666
step=320 train_loss=4.475720
step=330 train_loss=4.962852
step=340 train_loss=4.660766
step=350 train_loss=4.536978
step=360 train_loss=4.331157
step=370 train_loss=4.911973
step=380 train_loss=4.701475
step=390 train_loss=4.607444
step=400 train_loss=5.113100
step=410 train_loss=4.986449
step=420 train_loss=4.557518
step=430 train_loss=4.123700
step=440 train_loss=4.997214
step=450 train_loss=3.977309
step=460 train_loss=5.159214
step=470 train_loss=4.313570
step=480 train_loss=4.650057
step=490 train_loss=3.966664
step=500 train_loss=3.789628
step=510 train_loss=4.456567
step=520 train_loss=4.598542
step=530 train_loss=4.211247
step=540 train_loss=4.775082
step=550 train_loss=4.276088
step=560 train_loss=5.635150
step=570 train_loss=3.858055
step=580 train_loss=4.149929
step=590 train_loss=4.409634
step=600 train_loss=4.325371
step=610 train_loss=3.826324
step=620 train_loss=4.293397
step=630 train_loss=4.264564
step=640 train_loss=4.044761
step=650 train_loss=4.183383
step=660 train_loss=4.418523
step=670 train_loss=3.968692
step=680 train_loss=4.014125
step=690 train_loss=4.063796
step=700 train_loss=3.982486
step=710 train_loss=3.946227
step=720 train_loss=4.163649
step=730 train_loss=4.173504
step=740 train_loss=3.953664
step=750 train_loss=4.112519
step=760 train_loss=4.015031
step=770 train_loss=3.832855
step=780 train_loss=4.289321
step=790 train_loss=4.413074
step=800 train_loss=4.183192
step=810 train_loss=4.492825
step=820 train_loss=4.599529
step=830 train_loss=3.870837
step=840 train_loss=3.671624
step=850 train_loss=4.090785
step=860 train_loss=4.503488
step=870 train_loss=4.566798
step=880 train_loss=4.679701
step=890 train_loss=4.853263
step=900 train_loss=4.289465
step=910 train_loss=4.473757
step=920 train_loss=4.607733
step=930 train_loss=4.109657
step=940 train_loss=4.316798
step=950 train_loss=4.372575
step=960 train_loss=3.789441
step=970 train_loss=3.963909
step=980 train_loss=4.102590
step=990 train_loss=4.259368
step=1000 train_loss=3.819229 eval_loss=4.333341
step=1010 train_loss=4.264803
step=1020 train_loss=3.072341
step=1030 train_loss=4.169442
step=1040 train_loss=3.584006
step=1050 train_loss=4.243097
step=1060 train_loss=3.883220
step=1070 train_loss=3.940074
step=1080 train_loss=3.900548
step=1090 train_loss=4.058389
step=1100 train_loss=3.619622
step=1110 train_loss=4.174937
step=1120 train_loss=3.826268
step=1130 train_loss=3.915362
step=1140 train_loss=3.735285
step=1150 train_loss=4.009866
step=1160 train_loss=3.437669
step=1170 train_loss=4.046372
step=1180 train_loss=3.878946
step=1190 train_loss=4.256041
step=1200 train_loss=3.842454
step=1210 train_loss=3.398202
step=1220 train_loss=3.706735
step=1230 train_loss=4.698384
step=1240 train_loss=3.658838
step=1250 train_loss=3.779407
step=1260 train_loss=3.363159
step=1270 train_loss=3.538564
step=1280 train_loss=3.932477
step=1290 train_loss=4.052456
step=1300 train_loss=3.363956
step=1310 train_loss=3.477149
step=1320 train_loss=3.817269
step=1330 train_loss=3.684617
step=1340 train_loss=3.095918
step=1350 train_loss=3.822900
step=1360 train_loss=4.215734
step=1370 train_loss=3.952582
step=1380 train_loss=3.517643
step=1390 train_loss=3.860880
step=1400 train_loss=3.534249
step=1410 train_loss=3.651884
step=1420 train_loss=3.911815
step=1430 train_loss=4.102052
step=1440 train_loss=4.233165
step=1450 train_loss=3.671535
step=1460 train_loss=3.603600
step=1470 train_loss=3.078167
step=1480 train_loss=3.780517
step=1490 train_loss=3.473223
step=1500 train_loss=4.139242
step=1510 train_loss=3.601909
step=1520 train_loss=3.746318
step=1530 train_loss=3.782028
step=1540 train_loss=3.493160
step=1550 train_loss=4.168599
step=1560 train_loss=3.491365
step=1570 train_loss=3.987252
step=1580 train_loss=3.536316
step=1590 train_loss=2.861914
step=1600 train_loss=4.015401
step=1610 train_loss=3.127052
step=1620 train_loss=4.427471
step=1630 train_loss=3.809143
step=1640 train_loss=3.751962
step=1650 train_loss=3.890430
step=1660 train_loss=3.171750
step=1670 train_loss=3.048717
step=1680 train_loss=3.822210
step=1690 train_loss=3.709251
step=1700 train_loss=3.053852
step=1710 train_loss=3.316468
step=1720 train_loss=3.316354
step=1730 train_loss=3.767067
step=1740 train_loss=2.887533
step=1750 train_loss=3.377930
step=1760 train_loss=3.559472
step=1770 train_loss=3.357144
step=1780 train_loss=3.544204
step=1790 train_loss=3.641642
step=1800 train_loss=4.387584
step=1810 train_loss=3.453139
step=1820 train_loss=3.555275
step=1830 train_loss=3.350426
step=1840 train_loss=3.414847
step=1850 train_loss=3.703160
step=1860 train_loss=4.001191
step=1870 train_loss=3.052848
step=1880 train_loss=3.407479
step=1890 train_loss=2.779103
step=1900 train_loss=3.542704
step=1910 train_loss=3.422463
step=1920 train_loss=3.908764
step=1930 train_loss=2.758688
step=1940 train_loss=3.606475
step=1950 train_loss=3.116368
step=1960 train_loss=3.368050
step=1970 train_loss=3.357010
step=1980 train_loss=3.544946
step=1990 train_loss=3.149209
step=2000 train_loss=4.111237 eval_loss=3.867466
step=2010 train_loss=4.440752
step=2020 train_loss=4.024859
step=2030 train_loss=3.375360
step=2040 train_loss=3.755725
step=2050 train_loss=3.412024
step=2060 train_loss=3.532243
step=2070 train_loss=3.264638
step=2080 train_loss=3.777891
step=2090 train_loss=3.819312
step=2100 train_loss=4.390402
step=2110 train_loss=3.720581
step=2120 train_loss=3.531102
step=2130 train_loss=3.343765
step=2140 train_loss=3.236091
step=2150 train_loss=3.027558
step=2160 train_loss=3.586205
step=2170 train_loss=2.963581
step=2180 train_loss=3.182266
step=2190 train_loss=3.169708
step=2200 train_loss=3.510218
step=2210 train_loss=3.666154
step=2220 train_loss=2.947697
step=2230 train_loss=3.633048
step=2240 train_loss=3.092942
step=2250 train_loss=3.404459
step=2260 train_loss=3.495575
step=2270 train_loss=3.947164
step=2280 train_loss=3.621357
step=2290 train_loss=3.410150
step=2300 train_loss=3.243668
step=2310 train_loss=2.987024
step=2320 train_loss=3.631713
step=2330 train_loss=3.300575
step=2340 train_loss=3.363530
step=2350 train_loss=3.266351
step=2360 train_loss=3.820610
step=2370 train_loss=3.674303
step=2380 train_loss=3.561417
step=2390 train_loss=3.568537
step=2400 train_loss=3.224450
step=2410 train_loss=3.334535
step=2420 train_loss=3.489633
step=2430 train_loss=3.457573
step=2440 train_loss=3.206046
step=2450 train_loss=3.773078
step=2460 train_loss=3.766444
step=2470 train_loss=3.668782
step=2480 train_loss=3.226626
step=2490 train_loss=3.460698
step=2500 train_loss=3.035675
step=2510 train_loss=3.250720
step=2520 train_loss=3.296077
step=2530 train_loss=3.398245
step=2540 train_loss=2.945200
step=2550 train_loss=3.225970
step=2560 train_loss=3.131394
step=2570 train_loss=3.170946
step=2580 train_loss=3.175032
step=2590 train_loss=3.840573
step=2600 train_loss=3.508822
step=2610 train_loss=2.803962
step=2620 train_loss=3.127825
step=2630 train_loss=3.750357
step=2640 train_loss=3.404709
step=2650 train_loss=3.147590
step=2660 train_loss=3.118764
step=2670 train_loss=2.911091
step=2680 train_loss=2.911189
step=2690 train_loss=3.488039
step=2700 train_loss=3.170150
step=2710 train_loss=3.607955
step=2720 train_loss=3.590155
step=2730 train_loss=3.436609
step=2740 train_loss=3.133786
step=2750 train_loss=2.690756
step=2760 train_loss=3.163231
step=2770 train_loss=3.164663
step=2780 train_loss=3.717478
step=2790 train_loss=3.257471
step=2800 train_loss=3.619816
step=2810 train_loss=4.105105
step=2820 train_loss=3.825227
step=2830 train_loss=3.136349
step=2840 train_loss=3.012177
step=2850 train_loss=3.470864
step=2860 train_loss=3.401932
step=2870 train_loss=2.937395
step=2880 train_loss=3.297662
step=2890 train_loss=2.846841
step=2900 train_loss=2.642494
step=2910 train_loss=3.406999
step=2920 train_loss=3.035091
step=2930 train_loss=2.872801
step=2940 train_loss=3.327409
step=2950 train_loss=2.717632
step=2960 train_loss=3.321582
step=2970 train_loss=2.670448
step=2980 train_loss=2.914458
step=2990 train_loss=2.961682
step=3000 train_loss=3.272926 eval_loss=3.532727
step=3010 train_loss=3.174463
step=3020 train_loss=2.756472
step=3030 train_loss=3.318816
step=3040 train_loss=3.519362
step=3050 train_loss=3.568369
step=3060 train_loss=2.958950
step=3070 train_loss=2.759034
step=3080 train_loss=2.856040
step=3090 train_loss=3.015879
step=3100 train_loss=2.711777
step=3110 train_loss=2.635136
step=3120 train_loss=2.968893
step=3130 train_loss=3.723620
step=3140 train_loss=3.065025
step=3150 train_loss=2.723217
step=3160 train_loss=2.839729
step=3170 train_loss=3.268413
step=3180 train_loss=2.857390
step=3190 train_loss=3.034441
step=3200 train_loss=2.978497
step=3210 train_loss=3.854773
step=3220 train_loss=3.380879
step=3230 train_loss=3.116772
step=3240 train_loss=3.022916
step=3250 train_loss=2.725318
step=3260 train_loss=3.033755
step=3270 train_loss=3.120135
step=3280 train_loss=2.764073
step=3290 train_loss=2.783948
step=3300 train_loss=2.763763
step=3310 train_loss=2.894384
step=3320 train_loss=3.279171
step=3330 train_loss=3.194130
step=3340 train_loss=3.199971
step=3350 train_loss=2.324558
step=3360 train_loss=3.074836
step=3370 train_loss=2.726111
step=3380 train_loss=2.648034
step=3390 train_loss=2.558319
step=3400 train_loss=3.440802
step=3410 train_loss=2.970733
step=3420 train_loss=2.957813
step=3430 train_loss=3.455921
step=3440 train_loss=3.036643
step=3450 train_loss=2.774953
step=3460 train_loss=3.042871
step=3470 train_loss=3.575420
step=3480 train_loss=2.770117
step=3490 train_loss=2.484618
step=3500 train_loss=3.230145
step=3510 train_loss=3.374831
step=3520 train_loss=2.863060
step=3530 train_loss=3.010851
step=3540 train_loss=2.909996
step=3550 train_loss=3.145303
step=3560 train_loss=2.657729
step=3570 train_loss=3.286580
step=3580 train_loss=3.757539
step=3590 train_loss=3.387976
step=3600 train_loss=2.928529
step=3610 train_loss=2.736963
step=3620 train_loss=3.362874
step=3630 train_loss=2.584766
step=3640 train_loss=2.881423
step=3650 train_loss=2.764665
step=3660 train_loss=2.667805
step=3670 train_loss=2.668907
step=3680 train_loss=3.735021
step=3690 train_loss=2.957817
step=3700 train_loss=3.328441
step=3710 train_loss=3.463123
step=3720 train_loss=3.030781
step=3730 train_loss=2.785457
step=3740 train_loss=3.333258
step=3750 train_loss=3.205416
step=3760 train_loss=3.213220
step=3770 train_loss=3.810162
step=3780 train_loss=2.676754
step=3790 train_loss=2.861094
step=3800 train_loss=2.949903
step=3810 train_loss=3.228096
step=3820 train_loss=2.916985
step=3830 train_loss=3.136340
step=3840 train_loss=2.618936
step=3850 train_loss=3.159703
step=3860 train_loss=2.766426
step=3870 train_loss=3.520315
step=3880 train_loss=3.166876
step=3890 train_loss=2.954263
step=3900 train_loss=3.613266
step=3910 train_loss=3.189452
step=3920 train_loss=3.613417
step=3930 train_loss=3.028453
step=3940 train_loss=3.218295
step=3950 train_loss=3.069429
step=3960 train_loss=3.394538
step=3970 train_loss=2.270684
step=3980 train_loss=2.536370
step=3990 train_loss=2.536783
step=4000 train_loss=3.145478 eval_loss=3.343728
step=4010 train_loss=3.653045
step=4020 train_loss=3.344540
step=4030 train_loss=3.355516
step=4040 train_loss=2.877540
step=4050 train_loss=2.315908
step=4060 train_loss=2.913320
step=4070 train_loss=3.023136
step=4080 train_loss=3.398098
step=4090 train_loss=3.132535
step=4100 train_loss=2.958787
step=4110 train_loss=3.537586
step=4120 train_loss=3.488719
step=4130 train_loss=3.082778
step=4140 train_loss=3.245636
step=4150 train_loss=2.861849
step=4160 train_loss=2.499371
step=4170 train_loss=2.940163
step=4180 train_loss=3.326866
step=4190 train_loss=3.095677
step=4200 train_loss=3.279407
step=4210 train_loss=3.693702
step=4220 train_loss=3.153190
step=4230 train_loss=2.924917
step=4240 train_loss=3.348844
step=4250 train_loss=3.187716
step=4260 train_loss=2.923262
step=4270 train_loss=2.752716
step=4280 train_loss=3.312724
step=4290 train_loss=3.504847
step=4300 train_loss=3.446760
step=4310 train_loss=3.423446
step=4320 train_loss=2.609335
step=4330 train_loss=3.298465
step=4340 train_loss=2.838778
step=4350 train_loss=2.376027
step=4360 train_loss=2.540784
step=4370 train_loss=2.902681
step=4380 train_loss=2.838167
step=4390 train_loss=2.725899
step=4400 train_loss=2.866730
step=4410 train_loss=3.162213
step=4420 train_loss=2.848690
step=4430 train_loss=2.983135
step=4440 train_loss=2.881806
step=4450 train_loss=2.695548
step=4460 train_loss=3.264122
step=4470 train_loss=2.964776
step=4480 train_loss=2.946185
step=4490 train_loss=2.902475
step=4500 train_loss=3.141774
step=4510 train_loss=3.676401
step=4520 train_loss=3.151730
step=4530 train_loss=3.061370
step=4540 train_loss=2.722660
step=4550 train_loss=3.109818
step=4560 train_loss=2.990290
step=4570 train_loss=3.148885
step=4580 train_loss=3.190303
step=4590 train_loss=2.799121
step=4600 train_loss=2.660877
step=4610 train_loss=2.833214
step=4620 train_loss=3.431985
step=4630 train_loss=2.962091
step=4640 train_loss=3.115168
step=4650 train_loss=2.400343
step=4660 train_loss=2.941320
step=4670 train_loss=2.594665
step=4680 train_loss=3.053171
step=4690 train_loss=2.826021
step=4700 train_loss=2.249321
step=4710 train_loss=2.518833
step=4720 train_loss=3.105201
step=4730 train_loss=2.982639
step=4740 train_loss=2.974314
step=4750 train_loss=3.176376
step=4760 train_loss=2.261747
step=4770 train_loss=3.177913
step=4780 train_loss=2.998202
step=4790 train_loss=3.018935
step=4800 train_loss=2.472582
step=4810 train_loss=3.040377
step=4820 train_loss=3.217160
step=4830 train_loss=2.633521
step=4840 train_loss=2.940999
step=4850 train_loss=2.867621
step=4860 train_loss=2.963651
step=4870 train_loss=2.555407
step=4880 train_loss=3.000535
step=4890 train_loss=3.159276
step=4900 train_loss=3.166367
step=4910 train_loss=2.876871
step=4920 train_loss=3.001263
step=4930 train_loss=2.526514
step=4940 train_loss=3.692081
step=4950 train_loss=3.112007
step=4960 train_loss=2.619070
step=4970 train_loss=2.929205
step=4980 train_loss=2.834915
step=4990 train_loss=2.349026
step=5000 train_loss=2.780424 eval_loss=3.227900
step=5010 train_loss=2.614299
step=5020 train_loss=2.886074
step=5030 train_loss=2.436112
step=5040 train_loss=2.709173
step=5050 train_loss=2.584973
step=5060 train_loss=2.422918
step=5070 train_loss=2.861438
step=5080 train_loss=2.704613
step=5090 train_loss=2.776160
step=5100 train_loss=3.120603
step=5110 train_loss=2.765960
step=5120 train_loss=2.668714
step=5130 train_loss=3.659602
step=5140 train_loss=3.386098
step=5150 train_loss=2.823077
step=5160 train_loss=3.560892
step=5170 train_loss=2.704408
step=5180 train_loss=2.653652
step=5190 train_loss=2.794473
step=5200 train_loss=2.903700
step=5210 train_loss=3.246417
step=5220 train_loss=2.645927
step=5230 train_loss=3.110998
step=5240 train_loss=3.264834
step=5250 train_loss=3.287794
step=5260 train_loss=3.354153
step=5270 train_loss=3.259827
step=5280 train_loss=3.104487
step=5290 train_loss=2.785311
step=5300 train_loss=2.577769
step=5310 train_loss=2.807295
step=5320 train_loss=2.401677
step=5330 train_loss=2.752932
step=5340 train_loss=2.841723
step=5350 train_loss=2.748529
step=5360 train_loss=3.313527
step=5370 train_loss=3.323155
step=5380 train_loss=3.239995
step=5390 train_loss=2.508867
step=5400 train_loss=2.761767
step=5410 train_loss=2.640002
step=5420 train_loss=2.321131
step=5430 train_loss=3.051213
step=5440 train_loss=3.256750
step=5450 train_loss=2.618164
step=5460 train_loss=2.587518
step=5470 train_loss=3.468897
step=5480 train_loss=2.937501
step=5490 train_loss=2.552080
step=5500 train_loss=2.613651
step=5510 train_loss=2.976144
step=5520 train_loss=2.864726
step=5530 train_loss=2.999547
step=5540 train_loss=3.087622
step=5550 train_loss=2.967007
step=5560 train_loss=2.622709
step=5570 train_loss=2.365043
step=5580 train_loss=2.842125
step=5590 train_loss=2.625569
step=5600 train_loss=2.808454
step=5610 train_loss=2.744054
step=5620 train_loss=2.595916
step=5630 train_loss=2.906813
step=5640 train_loss=2.933262
step=5650 train_loss=2.803930
step=5660 train_loss=2.239809
step=5670 train_loss=2.613058
step=5680 train_loss=2.273059
step=5690 train_loss=2.692048
step=5700 train_loss=2.890980
step=5710 train_loss=2.866384
step=5720 train_loss=2.859237
step=5730 train_loss=2.374869
step=5740 train_loss=2.875219
step=5750 train_loss=2.865598
step=5760 train_loss=3.215398
step=5770 train_loss=2.744563
step=5780 train_loss=2.446435
step=5790 train_loss=2.816709
step=5800 train_loss=2.607266
step=5810 train_loss=2.472609
step=5820 train_loss=2.764673
step=5830 train_loss=3.352494
step=5840 train_loss=2.447844
step=5850 train_loss=2.795346
step=5860 train_loss=3.173966
step=5870 train_loss=2.397013
step=5880 train_loss=2.497503
step=5890 train_loss=2.981400
step=5900 train_loss=2.802746
step=5910 train_loss=2.378229
step=5920 train_loss=3.266427
step=5930 train_loss=3.552962
step=5940 train_loss=2.458215
step=5950 train_loss=2.202960
step=5960 train_loss=3.418507
step=5970 train_loss=3.046799
step=5980 train_loss=2.347865
step=5990 train_loss=2.621267
step=6000 train_loss=3.021483 eval_loss=3.153387
step=6010 train_loss=2.708369
step=6020 train_loss=3.093589
step=6030 train_loss=2.942303
step=6040 train_loss=2.895038
step=6050 train_loss=2.696406
step=6060 train_loss=2.915897
step=6070 train_loss=2.492438
step=6080 train_loss=2.710209
step=6090 train_loss=3.072847
step=6100 train_loss=3.407436
step=6110 train_loss=2.891633
step=6120 train_loss=2.228152
step=6130 train_loss=2.975811
step=6140 train_loss=2.856300
step=6150 train_loss=2.768720
step=6160 train_loss=3.139861
step=6170 train_loss=2.122576
step=6180 train_loss=2.961456
step=6190 train_loss=2.718548
step=6200 train_loss=2.484457
step=6210 train_loss=2.648494
step=6220 train_loss=2.719155
step=6230 train_loss=3.181306
step=6240 train_loss=2.864449
step=6250 train_loss=3.072745
step=6260 train_loss=2.710600
step=6270 train_loss=3.010007
step=6280 train_loss=2.368221
step=6290 train_loss=2.837854
step=6300 train_loss=2.190187
step=6310 train_loss=3.173896
step=6320 train_loss=2.997184
step=6330 train_loss=2.780081
step=6340 train_loss=3.023049
step=6350 train_loss=2.480147
step=6360 train_loss=2.816452
step=6370 train_loss=2.472142
step=6380 train_loss=2.701997
step=6390 train_loss=2.336489
step=6400 train_loss=2.455896
step=6410 train_loss=2.679377
step=6420 train_loss=2.917767
step=6430 train_loss=2.629193
step=6440 train_loss=2.627625
step=6450 train_loss=2.670823
step=6460 train_loss=3.269438
step=6470 train_loss=2.344139
step=6480 train_loss=2.852540
step=6490 train_loss=3.051560
step=6500 train_loss=2.392904
step=6510 train_loss=2.176164
step=6520 train_loss=2.447229
step=6530 train_loss=2.267513
step=6540 train_loss=3.124007
step=6550 train_loss=3.297381
step=6560 train_loss=3.052074
step=6570 train_loss=3.112433
step=6580 train_loss=2.463203
step=6590 train_loss=3.053241
step=6600 train_loss=2.700940
step=6610 train_loss=2.422959
step=6620 train_loss=2.869943
step=6630 train_loss=2.273663
step=6640 train_loss=2.288033
step=6650 train_loss=3.119558
step=6660 train_loss=2.383332
step=6670 train_loss=2.506661
step=6680 train_loss=2.667924
step=6690 train_loss=3.124550
step=6700 train_loss=2.933008
step=6710 train_loss=2.457512
step=6720 train_loss=2.818100
step=6730 train_loss=2.685840
step=6740 train_loss=2.586480
step=6750 train_loss=3.044946
step=6760 train_loss=2.852210
step=6770 train_loss=3.045651
step=6780 train_loss=3.270784
step=6790 train_loss=2.920589
step=6800 train_loss=2.979651
step=6810 train_loss=2.824185
step=6820 train_loss=2.422446
step=6830 train_loss=2.466574
step=6840 train_loss=2.548615
step=6850 train_loss=2.651395
step=6860 train_loss=2.492059
step=6870 train_loss=2.484534
step=6880 train_loss=3.088848
step=6890 train_loss=2.640871
step=6900 train_loss=2.644317
step=6910 train_loss=2.799127
step=6920 train_loss=2.888975
step=6930 train_loss=2.740306
step=6940 train_loss=2.427212
step=6950 train_loss=3.462871
step=6960 train_loss=2.826621
step=6970 train_loss=2.525804
step=6980 train_loss=2.830568
step=6990 train_loss=2.848911
step=7000 train_loss=2.915366 eval_loss=3.097931
step=7010 train_loss=2.459384
step=7020 train_loss=2.699007
step=7030 train_loss=2.226389
step=7040 train_loss=2.766569
step=7050 train_loss=2.834849
step=7060 train_loss=3.217562
step=7070 train_loss=2.393756
step=7080 train_loss=2.351327
step=7090 train_loss=2.914617
step=7100 train_loss=2.286921
step=7110 train_loss=3.143330
step=7120 train_loss=2.507952
step=7130 train_loss=3.012101
step=7140 train_loss=2.993255
step=7150 train_loss=2.776809
step=7160 train_loss=3.045678
step=7170 train_loss=3.025960
step=7180 train_loss=2.391977
step=7190 train_loss=2.915135
step=7200 train_loss=2.681638
step=7210 train_loss=2.203167
step=7220 train_loss=2.453004
step=7230 train_loss=3.101569
step=7240 train_loss=2.844849
step=7250 train_loss=2.534652
step=7260 train_loss=3.169591
step=7270 train_loss=2.333809
step=7280 train_loss=2.333909
step=7290 train_loss=2.367907
step=7300 train_loss=2.699275
step=7310 train_loss=2.422665
step=7320 train_loss=2.567582
step=7330 train_loss=2.628047
step=7340 train_loss=2.380284
step=7350 train_loss=2.945724
step=7360 train_loss=2.842591
step=7370 train_loss=2.385538
step=7380 train_loss=2.878195
step=7390 train_loss=2.544811
step=7400 train_loss=2.593623
step=7410 train_loss=2.953029
step=7420 train_loss=2.428332
step=7430 train_loss=3.165612
step=7440 train_loss=2.285270
step=7450 train_loss=2.654997
step=7460 train_loss=2.928125
step=7470 train_loss=2.925695
step=7480 train_loss=2.934344
step=7490 train_loss=2.412680
step=7500 train_loss=3.294752
step=7510 train_loss=2.284805
step=7520 train_loss=2.777239
step=7530 train_loss=2.919688
step=7540 train_loss=2.593456
step=7550 train_loss=2.897927
step=7560 train_loss=2.889567
step=7570 train_loss=2.706815
step=7580 train_loss=2.246910
step=7590 train_loss=2.820629
step=7600 train_loss=2.500084
step=7610 train_loss=2.707503
step=7620 train_loss=3.087748
step=7630 train_loss=2.430380
step=7640 train_loss=2.968449
step=7650 train_loss=3.427591
step=7660 train_loss=2.776259
step=7670 train_loss=2.825398
step=7680 train_loss=2.436420
step=7690 train_loss=2.977514
step=7700 train_loss=2.832755
step=7710 train_loss=2.953197
step=7720 train_loss=2.948168
step=7730 train_loss=2.747713
step=7740 train_loss=2.989879
step=7750 train_loss=2.389263
step=7760 train_loss=2.790513
step=7770 train_loss=2.670374
step=7780 train_loss=2.622560
step=7790 train_loss=3.005552
step=7800 train_loss=2.632945
step=7810 train_loss=2.967015
step=7820 train_loss=2.870702
step=7830 train_loss=3.177722
step=7840 train_loss=2.729131
step=7850 train_loss=2.182071
step=7860 train_loss=2.557692
step=7870 train_loss=2.342685
step=7880 train_loss=2.334582
step=7890 train_loss=2.410273
step=7900 train_loss=2.726487
step=7910 train_loss=2.535583
step=7920 train_loss=3.446832
step=7930 train_loss=2.561347
step=7940 train_loss=2.874339
step=7950 train_loss=2.528910
step=7960 train_loss=2.670927
step=7970 train_loss=3.123369
step=7980 train_loss=2.579190
step=7990 train_loss=2.587736
step=8000 train_loss=2.719348 eval_loss=3.052057
step=8010 train_loss=2.993641
step=8020 train_loss=2.706480
step=8030 train_loss=2.379930
step=8040 train_loss=2.881165
step=8050 train_loss=2.447690
step=8060 train_loss=2.555333
step=8070 train_loss=2.373169
step=8080 train_loss=2.946689
step=8090 train_loss=2.888251
step=8100 train_loss=2.621673
step=8110 train_loss=2.454554
step=8120 train_loss=2.538752
step=8130 train_loss=2.639128
step=8140 train_loss=2.566611
step=8150 train_loss=2.531502
step=8160 train_loss=2.704221
step=8170 train_loss=2.738864
step=8180 train_loss=2.548388
step=8190 train_loss=2.453536
step=8200 train_loss=2.528894
step=8210 train_loss=2.956855
step=8220 train_loss=2.494443
step=8230 train_loss=3.107210
step=8240 train_loss=2.716605
step=8250 train_loss=2.386461
step=8260 train_loss=2.682202
step=8270 train_loss=2.682208
step=8280 train_loss=2.229902
step=8290 train_loss=2.460863
step=8300 train_loss=2.687706
step=8310 train_loss=2.648222
step=8320 train_loss=2.679508
step=8330 train_loss=2.762129
step=8340 train_loss=2.764670
step=8350 train_loss=2.921106
step=8360 train_loss=2.616423
step=8370 train_loss=3.225004
step=8380 train_loss=2.684580
step=8390 train_loss=2.650853
step=8400 train_loss=2.574034
step=8410 train_loss=2.276953
step=8420 train_loss=2.484005
step=8430 train_loss=2.484002
step=8440 train_loss=2.578187
step=8450 train_loss=2.737299
step=8460 train_loss=2.731052
step=8470 train_loss=2.320237
step=8480 train_loss=3.193898
step=8490 train_loss=2.595783
step=8500 train_loss=3.270043
step=8510 train_loss=2.699576
step=8520 train_loss=2.918284
step=8530 train_loss=2.435341
step=8540 train_loss=3.005521
step=8550 train_loss=2.875509
step=8560 train_loss=2.934127
step=8570 train_loss=2.249313
step=8580 train_loss=2.377313
step=8590 train_loss=2.282628
step=8600 train_loss=2.484113
step=8610 train_loss=2.588390
step=8620 train_loss=3.073815
step=8630 train_loss=2.796120
step=8640 train_loss=2.506953
step=8650 train_loss=2.520096
step=8660 train_loss=2.707902
step=8670 train_loss=2.809674
step=8680 train_loss=2.503208
step=8690 train_loss=2.851908
step=8700 train_loss=2.521001
step=8710 train_loss=2.488014
step=8720 train_loss=2.966741
step=8730 train_loss=2.315515
step=8740 train_loss=2.824149
step=8750 train_loss=2.883075
step=8760 train_loss=2.374788
step=8770 train_loss=2.562327
step=8780 train_loss=2.884195
step=8790 train_loss=2.215105
step=8800 train_loss=2.804830
step=8810 train_loss=2.732588
step=8820 train_loss=2.463537
step=8830 train_loss=2.897634
step=8840 train_loss=2.322236
step=8850 train_loss=2.649349
step=8860 train_loss=2.697073
step=8870 train_loss=2.716029
step=8880 train_loss=2.330123
step=8890 train_loss=2.403448
step=8900 train_loss=2.867433
step=8910 train_loss=2.729480
step=8920 train_loss=2.025037
step=8930 train_loss=3.113254
step=8940 train_loss=2.558414
step=8950 train_loss=2.723815
step=8960 train_loss=2.418927
step=8970 train_loss=2.478006
step=8980 train_loss=2.494507
step=8990 train_loss=2.847257
step=9000 train_loss=2.764534 eval_loss=3.017957
step=9010 train_loss=2.255523
step=9020 train_loss=2.645739
step=9030 train_loss=2.682373
step=9040 train_loss=3.181948
step=9050 train_loss=2.528131
step=9060 train_loss=2.402415
step=9070 train_loss=2.835717
step=9080 train_loss=2.458976
step=9090 train_loss=2.680784
step=9100 train_loss=2.702423
step=9110 train_loss=3.040346
step=9120 train_loss=2.619937
step=9130 train_loss=2.636610
step=9140 train_loss=2.886776
step=9150 train_loss=2.526284
step=9160 train_loss=2.478144
step=9170 train_loss=2.746571
step=9180 train_loss=2.860766
step=9190 train_loss=2.394992
step=9200 train_loss=2.353650
step=9210 train_loss=2.700308
step=9220 train_loss=2.321888
step=9230 train_loss=2.869050
step=9240 train_loss=2.522578
step=9250 train_loss=2.318957
step=9260 train_loss=2.389250
step=9270 train_loss=2.362814
step=9280 train_loss=2.504342
step=9290 train_loss=3.104161
step=9300 train_loss=2.441779
step=9310 train_loss=2.699533
step=9320 train_loss=2.429291
step=9330 train_loss=2.609211
step=9340 train_loss=2.565399
step=9350 train_loss=2.720435
step=9360 train_loss=2.896713
step=9370 train_loss=2.426969
step=9380 train_loss=2.777279
step=9390 train_loss=2.590654
step=9400 train_loss=2.564986
step=9410 train_loss=2.680155
step=9420 train_loss=2.668688
step=9430 train_loss=2.334268
step=9440 train_loss=2.343399
step=9450 train_loss=2.450752
step=9460 train_loss=2.762909
step=9470 train_loss=2.976978
step=9480 train_loss=2.755541
step=9490 train_loss=2.440991
step=9500 train_loss=2.604279
step=9510 train_loss=2.691158
step=9520 train_loss=2.609692
step=9530 train_loss=3.136141
step=9540 train_loss=2.784576
step=9550 train_loss=2.185196
step=9560 train_loss=2.838593
step=9570 train_loss=2.751690
step=9580 train_loss=2.822007
step=9590 train_loss=2.710782
step=9600 train_loss=2.646313
step=9610 train_loss=2.574148
step=9620 train_loss=2.470674
step=9630 train_loss=2.144645
step=9640 train_loss=2.871659
step=9650 train_loss=2.449248
step=9660 train_loss=2.381175
step=9670 train_loss=2.361404
step=9680 train_loss=2.616306
step=9690 train_loss=2.620136
step=9700 train_loss=2.773266
step=9710 train_loss=2.480506
step=9720 train_loss=2.769698
step=9730 train_loss=2.775735
step=9740 train_loss=2.980326
step=9750 train_loss=2.740957
step=9760 train_loss=2.592280
step=9770 train_loss=2.433814
step=9780 train_loss=2.993578
step=9790 train_loss=2.721010
step=9800 train_loss=3.506003
step=9810 train_loss=2.237281
step=9820 train_loss=2.540114
step=9830 train_loss=2.367734
step=9840 train_loss=2.715793
step=9850 train_loss=2.368826
step=9860 train_loss=3.016491
step=9870 train_loss=2.876600
step=9880 train_loss=2.620062
step=9890 train_loss=3.408454
step=9900 train_loss=2.619342
step=9910 train_loss=2.788126
step=9920 train_loss=2.902901
step=9930 train_loss=2.686989
step=9940 train_loss=2.388018
step=9950 train_loss=2.134386
step=9960 train_loss=3.123249
step=9970 train_loss=2.756538
step=9980 train_loss=2.936704
step=9990 train_loss=2.991499
step=10000 train_loss=2.856361 eval_loss=2.977816
step=10010 train_loss=2.448914
step=10020 train_loss=2.791689
step=10030 train_loss=3.456014
step=10040 train_loss=2.600494
step=10050 train_loss=2.771602
step=10060 train_loss=2.444418
step=10070 train_loss=2.440713
step=10080 train_loss=2.538712
step=10090 train_loss=2.246154
step=10100 train_loss=2.269436
step=10110 train_loss=2.950126
step=10120 train_loss=2.914781
step=10130 train_loss=2.606121
step=10140 train_loss=2.328481
step=10150 train_loss=2.065311
step=10160 train_loss=2.773338
step=10170 train_loss=2.371943
step=10180 train_loss=2.871141
step=10190 train_loss=2.701546
step=10200 train_loss=2.669980
step=10210 train_loss=2.540938
step=10220 train_loss=2.454342
step=10230 train_loss=2.379053
step=10240 train_loss=2.532235
step=10250 train_loss=2.591019
step=10260 train_loss=2.242693
step=10270 train_loss=2.395103
step=10280 train_loss=2.469824
step=10290 train_loss=2.426586
step=10300 train_loss=2.176191
step=10310 train_loss=2.707722
step=10320 train_loss=2.289171
step=10330 train_loss=2.382968
step=10340 train_loss=2.902876
step=10350 train_loss=2.564984
step=10360 train_loss=2.311060
step=10370 train_loss=2.500517
step=10380 train_loss=2.896683
step=10390 train_loss=2.292076
step=10400 train_loss=2.687716
step=10410 train_loss=2.404748
step=10420 train_loss=2.712578
step=10430 train_loss=2.834850
step=10440 train_loss=2.424670
step=10450 train_loss=2.809545
step=10460 train_loss=2.281326
step=10470 train_loss=2.627985
step=10480 train_loss=2.943491
step=10490 train_loss=2.226760
step=10500 train_loss=2.931288
step=10510 train_loss=2.890814
step=10520 train_loss=2.388602
step=10530 train_loss=2.573884
step=10540 train_loss=2.156079
step=10550 train_loss=2.491217
step=10560 train_loss=2.730556
step=10570 train_loss=2.685071
step=10580 train_loss=2.390121
step=10590 train_loss=2.748892
step=10600 train_loss=2.905793
step=10610 train_loss=3.312691
step=10620 train_loss=2.748048
step=10630 train_loss=2.518288
step=10640 train_loss=2.652996
step=10650 train_loss=2.474969
step=10660 train_loss=2.701731
step=10670 train_loss=2.408990
step=10680 train_loss=2.715736
step=10690 train_loss=2.505140
step=10700 train_loss=2.553387
step=10710 train_loss=2.679813
step=10720 train_loss=2.202917
step=10730 train_loss=2.269850
step=10740 train_loss=2.665845
step=10750 train_loss=2.727024
step=10760 train_loss=2.710487
step=10770 train_loss=2.652478
step=10780 train_loss=2.307122
step=10790 train_loss=2.423939
step=10800 train_loss=2.505826
step=10810 train_loss=2.605759
step=10820 train_loss=2.860631
step=10830 train_loss=2.909011
step=10840 train_loss=2.235483
step=10850 train_loss=2.933515
step=10860 train_loss=2.334471
step=10870 train_loss=3.050870
step=10880 train_loss=2.303500
step=10890 train_loss=2.995620
step=10900 train_loss=2.784949
step=10910 train_loss=2.577209
step=10920 train_loss=2.401615
step=10930 train_loss=2.314271
step=10940 train_loss=2.799721
step=10950 train_loss=2.602885
step=10960 train_loss=2.289225
step=10970 train_loss=2.354629
step=10980 train_loss=2.447033
step=10990 train_loss=2.442013
step=11000 train_loss=2.734753 eval_loss=2.948053
step=11010 train_loss=2.459290
step=11020 train_loss=2.311289
step=11030 train_loss=3.155911
step=11040 train_loss=2.894137
step=11050 train_loss=2.126027
step=11060 train_loss=2.288007
step=11070 train_loss=2.519677
step=11080 train_loss=2.472138
step=11090 train_loss=2.415755
step=11100 train_loss=2.291344
step=11110 train_loss=2.593397
step=11120 train_loss=2.110033
step=11130 train_loss=2.533154
step=11140 train_loss=2.306700
step=11150 train_loss=2.472987
step=11160 train_loss=2.320071
step=11170 train_loss=2.573333
step=11180 train_loss=2.554819
step=11190 train_loss=2.746588
step=11200 train_loss=2.755418
step=11210 train_loss=2.551208
step=11220 train_loss=2.759080
step=11230 train_loss=2.423354
step=11240 train_loss=2.867090
step=11250 train_loss=2.816045
step=11260 train_loss=2.019548
step=11270 train_loss=2.673779
step=11280 train_loss=2.768606
step=11290 train_loss=2.496928
step=11300 train_loss=2.154386
step=11310 train_loss=2.363568
step=11320 train_loss=2.092547
step=11330 train_loss=2.321188
step=11340 train_loss=2.313164
step=11350 train_loss=2.249846
step=11360 train_loss=2.798035
step=11370 train_loss=2.406938
step=11380 train_loss=1.920094
step=11390 train_loss=2.577813
step=11400 train_loss=2.800579
step=11410 train_loss=2.832846
step=11420 train_loss=2.193473
step=11430 train_loss=2.314241
step=11440 train_loss=2.155364
step=11450 train_loss=2.310181
step=11460 train_loss=2.285625
step=11470 train_loss=2.339090
step=11480 train_loss=2.534293
step=11490 train_loss=2.434904
step=11500 train_loss=2.235433
step=11510 train_loss=2.414417
step=11520 train_loss=2.403950
step=11530 train_loss=2.436435
step=11540 train_loss=2.298326
step=11550 train_loss=2.565833
step=11560 train_loss=2.401645
step=11570 train_loss=2.661390
step=11580 train_loss=2.514005
step=11590 train_loss=2.272015
step=11600 train_loss=2.591982
step=11610 train_loss=2.762662
step=11620 train_loss=2.258815
step=11630 train_loss=2.793604
step=11640 train_loss=3.046289
step=11650 train_loss=2.509026
step=11660 train_loss=2.611542
step=11670 train_loss=2.201663
step=11680 train_loss=2.749243
step=11690 train_loss=2.596850
step=11700 train_loss=2.393076
step=11710 train_loss=2.220698
step=11720 train_loss=2.579583
step=11730 train_loss=2.523811
step=11740 train_loss=2.217441
step=11750 train_loss=2.662254
step=11760 train_loss=2.463093
step=11770 train_loss=2.180179
step=11780 train_loss=2.408047
step=11790 train_loss=2.472939
step=11800 train_loss=2.502171
step=11810 train_loss=2.521010
step=11820 train_loss=2.209752
step=11830 train_loss=2.357500
step=11840 train_loss=2.201652
step=11850 train_loss=2.082071
step=11860 train_loss=2.866326
step=11870 train_loss=2.294179
step=11880 train_loss=2.409177
step=11890 train_loss=2.874964
step=11900 train_loss=2.487841
step=11910 train_loss=2.712521
step=11920 train_loss=2.334134
step=11930 train_loss=2.200259
step=11940 train_loss=2.969970
step=11950 train_loss=2.089579
step=11960 train_loss=2.635247
step=11970 train_loss=2.751939
step=11980 train_loss=2.400219
step=11990 train_loss=2.387016
step=12000 train_loss=2.519417 eval_loss=2.930697
step=12010 train_loss=2.435715
step=12020 train_loss=2.656670
step=12030 train_loss=2.226134
step=12040 train_loss=2.215082
step=12050 train_loss=2.277565
step=12060 train_loss=2.240831
step=12070 train_loss=2.421036
step=12080 train_loss=2.346987
step=12090 train_loss=2.826523
step=12100 train_loss=2.134637
step=12110 train_loss=2.312957
step=12120 train_loss=2.058910
step=12130 train_loss=2.240093
step=12140 train_loss=2.887259
step=12150 train_loss=2.902677
step=12160 train_loss=3.180158
step=12170 train_loss=2.180697
step=12180 train_loss=2.127362
step=12190 train_loss=2.271357
step=12200 train_loss=1.969099
step=12210 train_loss=2.798057
step=12220 train_loss=2.763959
step=12230 train_loss=2.421004
step=12240 train_loss=2.275372
step=12250 train_loss=3.016263
step=12260 train_loss=2.840395
step=12270 train_loss=2.057121
step=12280 train_loss=2.197197
step=12290 train_loss=2.807096
step=12300 train_loss=2.340936
step=12310 train_loss=2.202680
step=12320 train_loss=2.186299
step=12330 train_loss=2.302028
step=12340 train_loss=2.563662
step=12350 train_loss=2.912719
step=12360 train_loss=2.653860
step=12370 train_loss=2.317459
step=12380 train_loss=2.422752
step=12390 train_loss=2.338153
step=12400 train_loss=2.673723
step=12410 train_loss=2.398484
step=12420 train_loss=2.399998
step=12430 train_loss=2.257878
step=12440 train_loss=2.250018
step=12450 train_loss=2.151142
step=12460 train_loss=2.762474
step=12470 train_loss=2.816789
step=12480 train_loss=2.622661
step=12490 train_loss=2.603736
step=12500 train_loss=2.070852
step=12510 train_loss=2.798347
step=12520 train_loss=2.699438
step=12530 train_loss=2.382633
step=12540 train_loss=2.775825
step=12550 train_loss=2.435535
step=12560 train_loss=2.700208
step=12570 train_loss=2.810466
step=12580 train_loss=2.559300
step=12590 train_loss=2.315628
step=12600 train_loss=2.957817
step=12610 train_loss=2.341683
step=12620 train_loss=2.511632
step=12630 train_loss=2.364077
step=12640 train_loss=2.113092
step=12650 train_loss=2.501980
step=12660 train_loss=2.358759
step=12670 train_loss=2.009031
step=12680 train_loss=2.537980
step=12690 train_loss=2.256116
step=12700 train_loss=2.386781
step=12710 train_loss=2.297990
step=12720 train_loss=2.475190
step=12730 train_loss=2.289109
step=12740 train_loss=2.101221
step=12750 train_loss=2.883651
step=12760 train_loss=2.493651
step=12770 train_loss=2.687329
step=12780 train_loss=2.496590
step=12790 train_loss=2.229754
step=12800 train_loss=2.052075
step=12810 train_loss=2.836711
step=12820 train_loss=2.641553
step=12830 train_loss=2.143448
step=12840 train_loss=2.443736
step=12850 train_loss=2.442512
step=12860 train_loss=2.466711
step=12870 train_loss=2.353272
step=12880 train_loss=2.086922
step=12890 train_loss=2.537301
step=12900 train_loss=2.567705
step=12910 train_loss=2.223154
step=12920 train_loss=2.639054
step=12930 train_loss=2.146075
step=12940 train_loss=2.253311
step=12950 train_loss=2.609832
step=12960 train_loss=2.489568
step=12970 train_loss=2.077486
step=12980 train_loss=2.407004
step=12990 train_loss=2.906461
step=13000 train_loss=2.788200 eval_loss=2.908661
step=13010 train_loss=2.776659
step=13020 train_loss=2.491450
step=13030 train_loss=2.477714
step=13040 train_loss=2.406547
step=13050 train_loss=2.515800
step=13060 train_loss=2.546497
step=13070 train_loss=2.655592
step=13080 train_loss=2.310696
step=13090 train_loss=2.283910
step=13100 train_loss=2.673151
step=13110 train_loss=2.276662
step=13120 train_loss=2.101065
step=13130 train_loss=2.910535
step=13140 train_loss=2.549500
step=13150 train_loss=2.528177
step=13160 train_loss=2.672446
step=13170 train_loss=2.778982
step=13180 train_loss=2.759570
step=13190 train_loss=2.440850
step=13200 train_loss=1.918331
step=13210 train_loss=2.529749
step=13220 train_loss=2.716458
step=13230 train_loss=2.543981
step=13240 train_loss=2.450954
step=13250 train_loss=2.507479
step=13260 train_loss=2.240617
step=13270 train_loss=2.512830
step=13280 train_loss=2.118023
step=13290 train_loss=2.512370
step=13300 train_loss=2.090965
step=13310 train_loss=2.501249
step=13320 train_loss=2.653225
step=13330 train_loss=2.529332
step=13340 train_loss=2.400924
step=13350 train_loss=2.632290
step=13360 train_loss=2.351165
step=13370 train_loss=2.387764
step=13380 train_loss=2.027677
step=13390 train_loss=2.565014
step=13400 train_loss=2.102254
step=13410 train_loss=2.690293
step=13420 train_loss=2.224651
step=13430 train_loss=2.451533
step=13440 train_loss=2.434730
step=13450 train_loss=2.413959
step=13460 train_loss=2.672695
step=13470 train_loss=2.654916
step=13480 train_loss=2.709471
step=13490 train_loss=2.493838
step=13500 train_loss=2.192594
step=13510 train_loss=2.117568
step=13520 train_loss=2.532433
step=13530 train_loss=2.555857
step=13540 train_loss=2.230929
step=13550 train_loss=2.727311
step=13560 train_loss=2.269719
step=13570 train_loss=3.097946
step=13580 train_loss=2.425806
step=13590 train_loss=2.253476
step=13600 train_loss=2.560016
step=13610 train_loss=2.261542
step=13620 train_loss=2.586750
step=13630 train_loss=1.958310
step=13640 train_loss=2.341541
step=13650 train_loss=2.359731
step=13660 train_loss=2.392076
step=13670 train_loss=2.397275
step=13680 train_loss=2.597226
step=13690 train_loss=2.609920
step=13700 train_loss=2.875774
step=13710 train_loss=2.415805
step=13720 train_loss=3.161297
step=13730 train_loss=2.475631
step=13740 train_loss=2.201873
step=13750 train_loss=2.785423
step=13760 train_loss=2.147123
step=13770 train_loss=2.257291
step=13780 train_loss=2.302304
step=13790 train_loss=2.505292
step=13800 train_loss=2.155856
step=13810 train_loss=2.528442
step=13820 train_loss=2.735062
step=13830 train_loss=2.261769
step=13840 train_loss=2.380692
step=13850 train_loss=2.163403
step=13860 train_loss=2.298621
step=13870 train_loss=3.001971
step=13880 train_loss=2.391265
step=13890 train_loss=2.169216
step=13900 train_loss=2.209558
step=13910 train_loss=2.506767
step=13920 train_loss=2.245285
step=13930 train_loss=2.239445
step=13940 train_loss=2.083449
step=13950 train_loss=2.263636
step=13960 train_loss=2.386578
step=13970 train_loss=2.653587
step=13980 train_loss=2.215733
step=13990 train_loss=2.521491
step=14000 train_loss=2.153910 eval_loss=2.888525
step=14010 train_loss=2.658877
step=14020 train_loss=2.390921
step=14030 train_loss=2.819846
step=14040 train_loss=2.547839
step=14050 train_loss=2.509533
step=14060 train_loss=2.859093
step=14070 train_loss=2.465529
step=14080 train_loss=2.450722
step=14090 train_loss=2.504259
step=14100 train_loss=2.646257
step=14110 train_loss=2.267426
step=14120 train_loss=2.755327
step=14130 train_loss=2.390696
step=14140 train_loss=2.717890
step=14150 train_loss=2.433860
step=14160 train_loss=2.213161
step=14170 train_loss=2.286197
step=14180 train_loss=2.243060
step=14190 train_loss=2.505448
step=14200 train_loss=2.061707
step=14210 train_loss=2.466327
step=14220 train_loss=2.244465
step=14230 train_loss=2.011659
step=14240 train_loss=2.387628
step=14250 train_loss=2.459702
step=14260 train_loss=2.636037
step=14270 train_loss=2.297250
step=14280 train_loss=2.305295
step=14290 train_loss=1.950900
step=14300 train_loss=2.490771
step=14310 train_loss=2.599398
step=14320 train_loss=2.553519
step=14330 train_loss=2.183987
step=14340 train_loss=2.395766
step=14350 train_loss=2.429932
step=14360 train_loss=2.485782
step=14370 train_loss=2.510111
step=14380 train_loss=3.097904
step=14390 train_loss=2.358556
step=14400 train_loss=2.341165
step=14410 train_loss=2.748156
step=14420 train_loss=2.346182
step=14430 train_loss=2.309932
step=14440 train_loss=2.452937
step=14450 train_loss=2.174539
step=14460 train_loss=2.539253
step=14470 train_loss=2.814149
step=14480 train_loss=2.748861
step=14490 train_loss=2.247990
step=14500 train_loss=2.603562
step=14510 train_loss=2.516762
step=14520 train_loss=2.654712
step=14530 train_loss=1.897392
step=14540 train_loss=2.500341
step=14550 train_loss=2.437709
step=14560 train_loss=2.452057
step=14570 train_loss=2.847547
step=14580 train_loss=2.219704
step=14590 train_loss=2.537493
step=14600 train_loss=2.489267
step=14610 train_loss=2.330837
step=14620 train_loss=2.440882
step=14630 train_loss=2.588575
step=14640 train_loss=2.822342
step=14650 train_loss=2.523464
step=14660 train_loss=2.541091
step=14670 train_loss=2.393992
step=14680 train_loss=2.649198
step=14690 train_loss=2.555690
step=14700 train_loss=2.395734
step=14710 train_loss=2.014579
step=14720 train_loss=2.342765
step=14730 train_loss=2.347826
step=14740 train_loss=2.493265
step=14750 train_loss=2.149247
step=14760 train_loss=2.109955
step=14770 train_loss=2.423215
step=14780 train_loss=3.050627
step=14790 train_loss=3.010662
step=14800 train_loss=2.634794
step=14810 train_loss=2.640289
step=14820 train_loss=2.429075
step=14830 train_loss=2.596083
step=14840 train_loss=2.850548
step=14850 train_loss=2.368233
step=14860 train_loss=2.500395
step=14870 train_loss=2.835551
step=14880 train_loss=2.614076
step=14890 train_loss=3.188055
step=14900 train_loss=2.546550
step=14910 train_loss=2.564315
step=14920 train_loss=2.250932
step=14930 train_loss=1.922644
step=14940 train_loss=2.504274
step=14950 train_loss=2.121279
step=14960 train_loss=2.578219
step=14970 train_loss=2.338216
step=14980 train_loss=2.649599
step=14990 train_loss=2.297450
step=15000 train_loss=1.976463 eval_loss=2.867506
step=15010 train_loss=2.767798
step=15020 train_loss=2.395969
step=15030 train_loss=2.560968
step=15040 train_loss=2.140962
step=15050 train_loss=2.786081
step=15060 train_loss=2.427439
step=15070 train_loss=2.527126
step=15080 train_loss=2.620817
step=15090 train_loss=2.383801
step=15100 train_loss=2.816665
step=15110 train_loss=1.861396
step=15120 train_loss=2.770473
step=15130 train_loss=2.349011
step=15140 train_loss=2.608355
step=15150 train_loss=2.562293
step=15160 train_loss=2.306312
step=15170 train_loss=2.282669
step=15180 train_loss=2.314129
step=15190 train_loss=2.263448
step=15200 train_loss=2.457003
step=15210 train_loss=2.127892
step=15220 train_loss=2.897406
step=15230 train_loss=2.416207
step=15240 train_loss=2.687552
step=15250 train_loss=2.494286
step=15260 train_loss=2.536150
step=15270 train_loss=2.353118
step=15280 train_loss=2.072263
step=15290 train_loss=2.495258
step=15300 train_loss=2.406528
step=15310 train_loss=2.503083
step=15320 train_loss=2.353123
step=15330 train_loss=2.353457
step=15340 train_loss=2.628396
step=15350 train_loss=2.470271
step=15360 train_loss=2.680150
step=15370 train_loss=2.406169
step=15380 train_loss=2.526241
step=15390 train_loss=2.571662
step=15400 train_loss=2.035772
step=15410 train_loss=2.249848
step=15420 train_loss=2.700928
step=15430 train_loss=2.642382
step=15440 train_loss=2.352107
step=15450 train_loss=2.630474
step=15460 train_loss=2.349424
step=15470 train_loss=3.301241
step=15480 train_loss=2.341529
step=15490 train_loss=2.985258
step=15500 train_loss=2.597497
step=15510 train_loss=2.586045
step=15520 train_loss=2.731964
step=15530 train_loss=2.786805
step=15540 train_loss=2.538610
step=15550 train_loss=2.733638
step=15560 train_loss=2.545523
step=15570 train_loss=2.885278
step=15580 train_loss=2.580989
step=15590 train_loss=1.947631
step=15600 train_loss=3.015985
step=15610 train_loss=2.407157
step=15620 train_loss=2.528344
step=15630 train_loss=2.400765
step=15640 train_loss=2.357385
step=15650 train_loss=2.142524
step=15660 train_loss=2.439220
step=15670 train_loss=2.199628
step=15680 train_loss=2.720377
step=15690 train_loss=2.159918
step=15700 train_loss=2.616726
step=15710 train_loss=2.972875
step=15720 train_loss=2.110500
step=15730 train_loss=2.141587
step=15740 train_loss=2.749505
step=15750 train_loss=2.632189
step=15760 train_loss=2.094766
step=15770 train_loss=2.448777
step=15780 train_loss=2.938632
step=15790 train_loss=2.112491
step=15800 train_loss=2.737900
step=15810 train_loss=2.148767
step=15820 train_loss=2.479342
step=15830 train_loss=2.467182
step=15840 train_loss=2.530118
step=15850 train_loss=2.521385
step=15860 train_loss=2.662076
step=15870 train_loss=2.631805
step=15880 train_loss=2.072515
step=15890 train_loss=1.985808
step=15900 train_loss=2.565755
step=15910 train_loss=2.294920
step=15920 train_loss=2.281927
step=15930 train_loss=2.233907
step=15940 train_loss=2.417377
step=15950 train_loss=2.181042
step=15960 train_loss=2.555379
step=15970 train_loss=2.282996
step=15980 train_loss=2.390182
step=15990 train_loss=2.007594
step=16000 train_loss=2.273435 eval_loss=2.848486
step=16010 train_loss=2.658702
step=16020 train_loss=2.379614
step=16030 train_loss=2.320005
step=16040 train_loss=2.175322
step=16050 train_loss=2.470732
step=16060 train_loss=2.529222
step=16070 train_loss=2.348535
step=16080 train_loss=2.749157
step=16090 train_loss=2.146787
step=16100 train_loss=2.066052
step=16110 train_loss=2.535715
step=16120 train_loss=1.953327
step=16130 train_loss=2.218418
step=16140 train_loss=2.521799
step=16150 train_loss=2.673715
step=16160 train_loss=2.332794
step=16170 train_loss=2.626067
step=16180 train_loss=2.377244
step=16190 train_loss=2.754268
step=16200 train_loss=2.688465
step=16210 train_loss=1.920011
step=16220 train_loss=2.207875
step=16230 train_loss=2.515407
step=16240 train_loss=2.691995
step=16250 train_loss=2.233353
step=16260 train_loss=2.428675
step=16270 train_loss=2.341502
step=16280 train_loss=2.338356
step=16290 train_loss=2.216653
step=16300 train_loss=2.263228
step=16310 train_loss=2.695004
step=16320 train_loss=2.508426
step=16330 train_loss=2.505735
step=16340 train_loss=2.234009
step=16350 train_loss=2.567692
step=16360 train_loss=2.426691
step=16370 train_loss=2.661083
step=16380 train_loss=2.499165
step=16390 train_loss=2.024802
step=16400 train_loss=2.331311
step=16410 train_loss=2.703486
step=16420 train_loss=2.422280
step=16430 train_loss=2.502589
step=16440 train_loss=2.651614
step=16450 train_loss=2.242444
step=16460 train_loss=2.706346
step=16470 train_loss=2.104810
step=16480 train_loss=2.574386
step=16490 train_loss=3.004853
step=16500 train_loss=2.510908
step=16510 train_loss=1.944503
step=16520 train_loss=2.141987
step=16530 train_loss=2.353472
step=16540 train_loss=2.595471
step=16550 train_loss=2.455029
step=16560 train_loss=2.634359
step=16570 train_loss=2.339602
step=16580 train_loss=2.912797
step=16590 train_loss=2.500405
step=16600 train_loss=2.542972
step=16610 train_loss=2.468817
step=16620 train_loss=2.193942
step=16630 train_loss=2.672071
step=16640 train_loss=2.436508
step=16650 train_loss=2.449405
step=16660 train_loss=2.237527
step=16670 train_loss=2.146591
step=16680 train_loss=3.009595
step=16690 train_loss=2.479434
step=16700 train_loss=2.603919
step=16710 train_loss=2.216253
step=16720 train_loss=2.471312
step=16730 train_loss=2.393589
step=16740 train_loss=2.629949
step=16750 train_loss=2.245092
step=16760 train_loss=2.469972
step=16770 train_loss=2.479132
step=16780 train_loss=3.322914
step=16790 train_loss=2.385643
step=16800 train_loss=1.976847
step=16810 train_loss=2.137654
step=16820 train_loss=2.582981
step=16830 train_loss=2.252919
step=16840 train_loss=2.184740
step=16850 train_loss=2.975660
step=16860 train_loss=2.078082
step=16870 train_loss=2.137845
step=16880 train_loss=2.574605
step=16890 train_loss=2.546424
step=16900 train_loss=2.688589
step=16910 train_loss=2.929367
step=16920 train_loss=2.374576
step=16930 train_loss=2.564492
step=16940 train_loss=2.142557
step=16950 train_loss=2.402708
step=16960 train_loss=2.702681
step=16970 train_loss=1.804096
step=16980 train_loss=2.528853
step=16990 train_loss=2.195513
step=17000 train_loss=2.598884 eval_loss=2.838315
step=17010 train_loss=2.551046
step=17020 train_loss=2.183302
step=17030 train_loss=2.092983
step=17040 train_loss=2.328426
step=17050 train_loss=2.709067
step=17060 train_loss=2.075229
step=17070 train_loss=2.834641
step=17080 train_loss=1.868362
step=17090 train_loss=1.959054
step=17100 train_loss=2.529731
step=17110 train_loss=2.136230
step=17120 train_loss=2.394123
step=17130 train_loss=2.088884
step=17140 train_loss=2.708278
step=17150 train_loss=2.454635
step=17160 train_loss=2.596069
step=17170 train_loss=2.554428
step=17180 train_loss=2.830675
step=17190 train_loss=2.718666
step=17200 train_loss=2.282092
step=17210 train_loss=2.195758
step=17220 train_loss=2.270037
step=17230 train_loss=2.189590
step=17240 train_loss=2.528888
step=17250 train_loss=2.076576
step=17260 train_loss=2.526398
step=17270 train_loss=2.081286
step=17280 train_loss=2.635108
step=17290 train_loss=2.094134
step=17300 train_loss=2.365986
step=17310 train_loss=2.212455
step=17320 train_loss=2.290650
step=17330 train_loss=2.005306
step=17340 train_loss=2.425902
step=17350 train_loss=2.106915
step=17360 train_loss=2.512664
step=17370 train_loss=2.232955
step=17380 train_loss=2.119689
step=17390 train_loss=2.042529
step=17400 train_loss=1.921556
step=17410 train_loss=2.454704
step=17420 train_loss=2.274317
step=17430 train_loss=1.791681
step=17440 train_loss=2.546252
step=17450 train_loss=1.962533
step=17460 train_loss=2.409393
step=17470 train_loss=2.394496
step=17480 train_loss=2.172575
step=17490 train_loss=2.697476
step=17500 train_loss=2.411825
step=17510 train_loss=2.188028
step=17520 train_loss=2.574420
step=17530 train_loss=2.207079
step=17540 train_loss=2.060336
step=17550 train_loss=2.859869
step=17560 train_loss=2.781184
step=17570 train_loss=2.277960
step=17580 train_loss=2.296097
step=17590 train_loss=2.189375
step=17600 train_loss=2.340375
step=17610 train_loss=2.017972
step=17620 train_loss=2.271689
step=17630 train_loss=2.388308
step=17640 train_loss=2.071627
step=17650 train_loss=2.263902
step=17660 train_loss=2.141179
step=17670 train_loss=2.164288
step=17680 train_loss=2.564269
step=17690 train_loss=2.675730
step=17700 train_loss=2.169301
step=17710 train_loss=2.311088
step=17720 train_loss=2.325678
step=17730 train_loss=2.423212
step=17740 train_loss=2.620606
step=17750 train_loss=2.581073
step=17760 train_loss=2.383648
step=17770 train_loss=2.167363
step=17780 train_loss=2.407865
step=17790 train_loss=1.972042
step=17800 train_loss=2.235216
step=17810 train_loss=1.988985
step=17820 train_loss=2.330454
step=17830 train_loss=2.137732
step=17840 train_loss=2.565278
step=17850 train_loss=2.291790
step=17860 train_loss=2.571659
step=17870 train_loss=2.013598
step=17880 train_loss=2.357707
step=17890 train_loss=2.384046
step=17900 train_loss=2.022923
step=17910 train_loss=2.609985
step=17920 train_loss=2.191167
step=17930 train_loss=2.129713
step=17940 train_loss=2.174298
step=17950 train_loss=2.323794
step=17960 train_loss=2.227278
step=17970 train_loss=2.358874
step=17980 train_loss=2.349455
step=17990 train_loss=2.487004
step=18000 train_loss=2.337190 eval_loss=2.828442
step=18010 train_loss=2.279642
step=18020 train_loss=3.106578
step=18030 train_loss=2.558958
step=18040 train_loss=2.095534
step=18050 train_loss=2.442085
step=18060 train_loss=1.946388
step=18070 train_loss=2.301513
step=18080 train_loss=2.514243
step=18090 train_loss=2.678502
step=18100 train_loss=2.033303
step=18110 train_loss=2.399456
step=18120 train_loss=2.283172
step=18130 train_loss=2.087245
step=18140 train_loss=2.478343
step=18150 train_loss=2.285161
step=18160 train_loss=2.387906
step=18170 train_loss=2.086394
step=18180 train_loss=2.398507
step=18190 train_loss=2.203356
step=18200 train_loss=2.244479
step=18210 train_loss=2.521259
step=18220 train_loss=2.323562
step=18230 train_loss=2.462629
step=18240 train_loss=2.368265
step=18250 train_loss=2.462042
step=18260 train_loss=2.797928
step=18270 train_loss=2.536791
step=18280 train_loss=2.639358
step=18290 train_loss=2.257282
step=18300 train_loss=2.315579
step=18310 train_loss=2.455732
step=18320 train_loss=2.288141
step=18330 train_loss=2.061607
step=18340 train_loss=2.376361
step=18350 train_loss=2.291876
step=18360 train_loss=2.249824
step=18370 train_loss=2.113128
step=18380 train_loss=2.217889
step=18390 train_loss=2.309533
step=18400 train_loss=2.444587
step=18410 train_loss=2.160623
step=18420 train_loss=2.257255
step=18430 train_loss=2.483275
step=18440 train_loss=2.134929
step=18450 train_loss=2.523441
step=18460 train_loss=1.994675
step=18470 train_loss=2.525290
step=18480 train_loss=2.694045
step=18490 train_loss=2.268156
step=18500 train_loss=1.881619
step=18510 train_loss=2.346342
step=18520 train_loss=2.146841
step=18530 train_loss=2.759340
step=18540 train_loss=2.375438
step=18550 train_loss=2.436989
step=18560 train_loss=2.448820
step=18570 train_loss=2.294931
step=18580 train_loss=2.251925
step=18590 train_loss=2.388453
step=18600 train_loss=2.120087
step=18610 train_loss=2.718732
step=18620 train_loss=2.298359
step=18630 train_loss=2.586432
step=18640 train_loss=1.789181
step=18650 train_loss=3.100968
step=18660 train_loss=2.039875
step=18670 train_loss=2.018825
step=18680 train_loss=2.610982
step=18690 train_loss=1.719830
step=18700 train_loss=2.154631
step=18710 train_loss=2.184369
step=18720 train_loss=2.015738
step=18730 train_loss=2.327270
step=18740 train_loss=2.712157
step=18750 train_loss=2.218912
step=18760 train_loss=2.009960
step=18770 train_loss=2.120654
step=18780 train_loss=2.672638
step=18790 train_loss=2.535505
step=18800 train_loss=2.543724
step=18810 train_loss=2.199462
step=18820 train_loss=2.123221
step=18830 train_loss=2.590325
step=18840 train_loss=2.374796
step=18850 train_loss=2.385853
step=18860 train_loss=2.199507
step=18870 train_loss=2.179964
step=18880 train_loss=2.320054
step=18890 train_loss=2.011582
step=18900 train_loss=2.160722
step=18910 train_loss=2.835079
step=18920 train_loss=2.387598
step=18930 train_loss=2.264485
step=18940 train_loss=2.395873
step=18950 train_loss=2.164021
step=18960 train_loss=1.986107
step=18970 train_loss=2.224816
step=18980 train_loss=2.343199
step=18990 train_loss=2.058430
step=19000 train_loss=2.200595 eval_loss=2.814940
step=19010 train_loss=2.335374
step=19020 train_loss=2.407034
step=19030 train_loss=2.576468
step=19040 train_loss=2.286617
step=19050 train_loss=1.991432
step=19060 train_loss=2.192586
step=19070 train_loss=2.962485
step=19080 train_loss=2.391577
step=19090 train_loss=2.255782
step=19100 train_loss=2.486212
step=19110 train_loss=2.274807
step=19120 train_loss=2.273753
step=19130 train_loss=2.552851
step=19140 train_loss=2.799934
step=19150 train_loss=2.351227
step=19160 train_loss=2.637623
step=19170 train_loss=2.073416
step=19180 train_loss=2.342452
step=19190 train_loss=2.298625
step=19200 train_loss=2.589471
step=19210 train_loss=2.283910
step=19220 train_loss=2.592737
step=19230 train_loss=2.529971
step=19240 train_loss=2.326753
step=19250 train_loss=2.122682
step=19260 train_loss=2.050801
step=19270 train_loss=2.072055
step=19280 train_loss=2.277099
step=19290 train_loss=2.225721
step=19300 train_loss=2.479450
step=19310 train_loss=2.070746
step=19320 train_loss=2.213554
step=19330 train_loss=2.724522
step=19340 train_loss=2.691618
step=19350 train_loss=2.495148
step=19360 train_loss=2.655462
step=19370 train_loss=2.282938
step=19380 train_loss=2.484118
step=19390 train_loss=1.949899
step=19400 train_loss=2.554129
step=19410 train_loss=2.470326
step=19420 train_loss=2.208589
step=19430 train_loss=2.534038
step=19440 train_loss=2.387659
step=19450 train_loss=2.091160
step=19460 train_loss=1.981505
step=19470 train_loss=2.433876
step=19480 train_loss=2.377729
step=19490 train_loss=2.330986
step=19500 train_loss=2.772379
step=19510 train_loss=2.226312
step=19520 train_loss=2.028372
step=19530 train_loss=2.236063
step=19540 train_loss=2.024398
step=19550 train_loss=2.618298
step=19560 train_loss=2.315997
step=19570 train_loss=2.550922
step=19580 train_loss=2.262451
step=19590 train_loss=2.479277
step=19600 train_loss=1.823343
step=19610 train_loss=2.128485
step=19620 train_loss=2.220899
step=19630 train_loss=2.559412
step=19640 train_loss=2.171594
step=19650 train_loss=2.210496
step=19660 train_loss=2.386649
step=19670 train_loss=2.393551
step=19680 train_loss=2.141976
step=19690 train_loss=2.038530
step=19700 train_loss=2.285887
step=19710 train_loss=2.661267
step=19720 train_loss=2.286589
step=19730 train_loss=2.236890
step=19740 train_loss=2.766713
step=19750 train_loss=2.431841
step=19760 train_loss=2.350996
step=19770 train_loss=2.329932
step=19780 train_loss=2.506760
step=19790 train_loss=2.440817
step=19800 train_loss=2.195012
step=19810 train_loss=2.148072
step=19820 train_loss=2.147559
step=19830 train_loss=2.300433
step=19840 train_loss=2.665242
step=19850 train_loss=2.190450
step=19860 train_loss=2.262397
step=19870 train_loss=2.530864
step=19880 train_loss=2.673756
step=19890 train_loss=2.294842
step=19900 train_loss=2.051847
step=19910 train_loss=2.574278
step=19920 train_loss=2.313021
step=19930 train_loss=2.438735
step=19940 train_loss=2.819322
step=19950 train_loss=2.508407
step=19960 train_loss=2.437186
step=19970 train_loss=2.394725
step=19980 train_loss=2.004961
step=19990 train_loss=2.282549
step=20000 train_loss=2.129484 eval_loss=2.801767
step=20010 train_loss=2.070417
step=20020 train_loss=2.410059
step=20030 train_loss=2.354117
step=20040 train_loss=2.334180
step=20050 train_loss=2.464654
step=20060 train_loss=3.120399
step=20070 train_loss=2.422536
step=20080 train_loss=2.292788
step=20090 train_loss=1.896335
step=20100 train_loss=2.435050
step=20110 train_loss=2.123872
step=20120 train_loss=2.267721
step=20130 train_loss=2.115711
step=20140 train_loss=2.483164
step=20150 train_loss=2.437537
step=20160 train_loss=2.183134
step=20170 train_loss=1.852920
step=20180 train_loss=2.867030
step=20190 train_loss=2.131839
step=20200 train_loss=2.178763
step=20210 train_loss=2.340081
step=20220 train_loss=2.497066
step=20230 train_loss=2.869298
step=20240 train_loss=2.254476
step=20250 train_loss=2.137863
step=20260 train_loss=2.202949
step=20270 train_loss=2.561729
step=20280 train_loss=2.540803
step=20290 train_loss=2.595934
step=20300 train_loss=2.432452
step=20310 train_loss=2.401520
step=20320 train_loss=2.356430
step=20330 train_loss=1.977330
step=20340 train_loss=2.106295
step=20350 train_loss=2.586152
step=20360 train_loss=2.420538
step=20370 train_loss=2.741309
step=20380 train_loss=2.319708
step=20390 train_loss=2.360279
step=20400 train_loss=2.509172
step=20410 train_loss=2.361638
step=20420 train_loss=2.228365
step=20430 train_loss=2.061751
step=20440 train_loss=2.616824
step=20450 train_loss=2.467153
step=20460 train_loss=2.562603
step=20470 train_loss=2.413312
step=20480 train_loss=2.326471
step=20490 train_loss=2.867956
step=20500 train_loss=2.224496
step=20510 train_loss=1.902986
step=20520 train_loss=2.063646
step=20530 train_loss=2.140409
step=20540 train_loss=2.186982
step=20550 train_loss=2.784946
step=20560 train_loss=2.394675
step=20570 train_loss=2.325573
step=20580 train_loss=2.145835
step=20590 train_loss=2.095636
step=20600 train_loss=1.968918
step=20610 train_loss=2.165328
step=20620 train_loss=2.642971
step=20630 train_loss=2.505746
step=20640 train_loss=2.259194
step=20650 train_loss=2.970254
step=20660 train_loss=2.162176
step=20670 train_loss=1.793770
step=20680 train_loss=2.520850
step=20690 train_loss=1.837488
step=20700 train_loss=2.147468
step=20710 train_loss=2.114845
step=20720 train_loss=2.550638
step=20730 train_loss=2.576911
step=20740 train_loss=2.206441
step=20750 train_loss=2.192543
step=20760 train_loss=2.088870
step=20770 train_loss=2.607104
step=20780 train_loss=2.107079
step=20790 train_loss=2.730084
step=20800 train_loss=2.368957
step=20810 train_loss=2.063145
step=20820 train_loss=2.114178
step=20830 train_loss=2.468202
step=20840 train_loss=2.404125
step=20850 train_loss=2.209665
step=20860 train_loss=2.218333
step=20870 train_loss=1.731091
step=20880 train_loss=2.557965
step=20890 train_loss=2.238350
step=20900 train_loss=2.336519
step=20910 train_loss=2.317998
step=20920 train_loss=2.626186
step=20930 train_loss=2.370903
step=20940 train_loss=2.728935
step=20950 train_loss=2.687885
step=20960 train_loss=2.222140
step=20970 train_loss=2.470387
step=20980 train_loss=2.591912
step=20990 train_loss=2.168727
step=21000 train_loss=1.847098 eval_loss=2.785286
step=21010 train_loss=2.082431
step=21020 train_loss=2.279126
step=21030 train_loss=2.268092
step=21040 train_loss=2.062162
step=21050 train_loss=2.602026
step=21060 train_loss=2.830114
step=21070 train_loss=2.000959
step=21080 train_loss=1.813770
step=21090 train_loss=2.281767
step=21100 train_loss=2.791861
step=21110 train_loss=2.179300
step=21120 train_loss=2.157078
step=21130 train_loss=2.514759
step=21140 train_loss=1.946333
step=21150 train_loss=2.173515
step=21160 train_loss=2.664007
step=21170 train_loss=2.637371
step=21180 train_loss=2.222412
step=21190 train_loss=1.769018
step=21200 train_loss=2.323433
step=21210 train_loss=2.222887
step=21220 train_loss=1.991403
step=21230 train_loss=1.992083
step=21240 train_loss=2.749613
step=21250 train_loss=2.416787
step=21260 train_loss=2.181036
step=21270 train_loss=2.978753
step=21280 train_loss=2.307838
step=21290 train_loss=2.036239
step=21300 train_loss=2.183536
step=21310 train_loss=2.238198
step=21320 train_loss=2.618378
step=21330 train_loss=2.613469
step=21340 train_loss=2.102778
step=21350 train_loss=2.426070
step=21360 train_loss=2.304510
step=21370 train_loss=2.018860
step=21380 train_loss=2.510243
step=21390 train_loss=2.277949
step=21400 train_loss=2.455295
step=21410 train_loss=2.110449
step=21420 train_loss=2.258214
step=21430 train_loss=2.756024
step=21440 train_loss=2.771367
step=21450 train_loss=2.520108
step=21460 train_loss=1.991588
step=21470 train_loss=2.421415
step=21480 train_loss=2.380863
step=21490 train_loss=1.916914
step=21500 train_loss=2.267902
step=21510 train_loss=2.307333
step=21520 train_loss=2.229485
step=21530 train_loss=2.303798
step=21540 train_loss=2.384375
step=21550 train_loss=1.861917
step=21560 train_loss=2.290666
step=21570 train_loss=2.224791
step=21580 train_loss=2.642588
step=21590 train_loss=1.954831
step=21600 train_loss=2.627772
step=21610 train_loss=2.366102
step=21620 train_loss=2.227700
step=21630 train_loss=3.075011
step=21640 train_loss=2.099340
step=21650 train_loss=2.291266
step=21660 train_loss=2.017814
step=21670 train_loss=1.891596
step=21680 train_loss=2.019409
step=21690 train_loss=2.084405
step=21700 train_loss=2.760946
step=21710 train_loss=2.109975
step=21720 train_loss=2.363346
step=21730 train_loss=2.274102
step=21740 train_loss=2.705142
step=21750 train_loss=2.356696
step=21760 train_loss=2.331283
step=21770 train_loss=2.511872
step=21780 train_loss=2.296210
step=21790 train_loss=2.505312
step=21800 train_loss=2.800626
step=21810 train_loss=2.514218
step=21820 train_loss=2.302905
step=21830 train_loss=1.971612
step=21840 train_loss=2.199381
step=21850 train_loss=2.292237
step=21860 train_loss=2.466358
step=21870 train_loss=2.198584
step=21880 train_loss=2.600147
step=21890 train_loss=2.442915
step=21900 train_loss=1.979414
step=21910 train_loss=2.634657
step=21920 train_loss=2.062947
step=21930 train_loss=2.554216
step=21940 train_loss=2.113554
step=21950 train_loss=2.579244
step=21960 train_loss=2.502953
step=21970 train_loss=2.176500
step=21980 train_loss=2.258922
step=21990 train_loss=2.921578
step=22000 train_loss=2.228035 eval_loss=2.771332
step=22010 train_loss=2.208528
step=22020 train_loss=2.518443
step=22030 train_loss=2.533194
step=22040 train_loss=2.508499
step=22050 train_loss=2.746805
step=22060 train_loss=2.416876
step=22070 train_loss=2.218259
step=22080 train_loss=2.407114
step=22090 train_loss=2.645649
step=22100 train_loss=2.167290
step=22110 train_loss=2.047750
step=22120 train_loss=2.246011
step=22130 train_loss=2.592640
step=22140 train_loss=2.288736
step=22150 train_loss=1.976749
step=22160 train_loss=2.904959
step=22170 train_loss=2.357278
step=22180 train_loss=2.056685
step=22190 train_loss=2.109447
step=22200 train_loss=2.242743
step=22210 train_loss=2.462471
step=22220 train_loss=2.283590
step=22230 train_loss=2.674328
step=22240 train_loss=2.213683
step=22250 train_loss=2.451600
step=22260 train_loss=2.433694
step=22270 train_loss=2.423076
step=22280 train_loss=2.330120
step=22290 train_loss=1.997052
step=22300 train_loss=2.205618
step=22310 train_loss=2.174034
step=22320 train_loss=2.350603
step=22330 train_loss=3.021435
step=22340 train_loss=2.563501
step=22350 train_loss=2.258336
step=22360 train_loss=1.844503
step=22370 train_loss=2.304253
step=22380 train_loss=2.363312
step=22390 train_loss=1.940197
step=22400 train_loss=1.857918
step=22410 train_loss=2.527458
step=22420 train_loss=2.158925
step=22430 train_loss=2.433241
step=22440 train_loss=2.387864
step=22450 train_loss=2.557280
step=22460 train_loss=2.406192
step=22470 train_loss=2.276665
step=22480 train_loss=2.103376
step=22490 train_loss=2.186661
step=22500 train_loss=2.427902
step=22510 train_loss=1.824820
step=22520 train_loss=2.081930
step=22530 train_loss=1.810968
step=22540 train_loss=2.186009
step=22550 train_loss=2.042780
step=22560 train_loss=2.222166
step=22570 train_loss=2.091516
step=22580 train_loss=2.446462
step=22590 train_loss=2.241200
step=22600 train_loss=2.204128
step=22610 train_loss=1.851973
step=22620 train_loss=1.817381
step=22630 train_loss=1.833826
step=22640 train_loss=2.407168
step=22650 train_loss=2.171615
step=22660 train_loss=1.905643
step=22670 train_loss=2.223770
step=22680 train_loss=2.172928
step=22690 train_loss=2.083117
step=22700 train_loss=1.969760
step=22710 train_loss=2.117282
step=22720 train_loss=2.150842
step=22730 train_loss=2.478914
step=22740 train_loss=2.419294
step=22750 train_loss=2.256069
step=22760 train_loss=2.128367
step=22770 train_loss=2.188758
step=22780 train_loss=2.424028
step=22790 train_loss=2.182025
step=22800 train_loss=1.943712
step=22810 train_loss=1.824592
step=22820 train_loss=1.810676
step=22830 train_loss=2.025853
step=22840 train_loss=1.798593
step=22850 train_loss=2.011572
step=22860 train_loss=2.215063
step=22870 train_loss=2.284114
step=22880 train_loss=1.850565
step=22890 train_loss=1.972417
step=22900 train_loss=2.109111
step=22910 train_loss=2.111463
step=22920 train_loss=2.575289
step=22930 train_loss=2.268665
step=22940 train_loss=2.143625
step=22950 train_loss=1.752992
step=22960 train_loss=1.970759
step=22970 train_loss=2.637676
step=22980 train_loss=2.524015
step=22990 train_loss=2.720694
step=23000 train_loss=2.304040 eval_loss=2.777737
step=23010 train_loss=1.910051
step=23020 train_loss=2.424417
step=23030 train_loss=1.755071
step=23040 train_loss=2.017158
step=23050 train_loss=1.997264
step=23060 train_loss=2.123477
step=23070 train_loss=1.904665
step=23080 train_loss=1.868808
step=23090 train_loss=1.748677
step=23100 train_loss=2.633928
step=23110 train_loss=1.943215
step=23120 train_loss=1.977558
step=23130 train_loss=1.659132
step=23140 train_loss=2.093848
step=23150 train_loss=2.513122
step=23160 train_loss=2.377939
step=23170 train_loss=2.196727
step=23180 train_loss=2.498766
step=23190 train_loss=2.214677
step=23200 train_loss=2.472550
step=23210 train_loss=1.939259
step=23220 train_loss=1.961578
step=23230 train_loss=1.780845
step=23240 train_loss=2.272775
step=23250 train_loss=2.462202
step=23260 train_loss=2.485079
step=23270 train_loss=2.377766
step=23280 train_loss=2.038690
step=23290 train_loss=2.046043
step=23300 train_loss=2.091424
step=23310 train_loss=2.354919
step=23320 train_loss=2.309701
step=23330 train_loss=2.142931
step=23340 train_loss=1.769630
step=23350 train_loss=2.360656
step=23360 train_loss=2.109546
step=23370 train_loss=2.194132
step=23380 train_loss=2.732960
step=23390 train_loss=2.431359
step=23400 train_loss=2.503613
step=23410 train_loss=2.368716
step=23420 train_loss=2.106486
step=23430 train_loss=1.876011
step=23440 train_loss=2.280639
step=23450 train_loss=1.923112
step=23460 train_loss=1.951664
step=23470 train_loss=1.890917
step=23480 train_loss=1.815021
step=23490 train_loss=2.118223
step=23500 train_loss=2.276901
step=23510 train_loss=1.643663
step=23520 train_loss=2.217030
step=23530 train_loss=1.809518
step=23540 train_loss=2.181467
step=23550 train_loss=2.388544
step=23560 train_loss=2.287040
step=23570 train_loss=2.283576
step=23580 train_loss=1.945417
step=23590 train_loss=2.057399
step=23600 train_loss=2.027490
step=23610 train_loss=2.098772
step=23620 train_loss=1.926681
step=23630 train_loss=2.523430
step=23640 train_loss=2.046739
step=23650 train_loss=2.139396
step=23660 train_loss=2.230017
step=23670 train_loss=2.295206
step=23680 train_loss=1.867987
step=23690 train_loss=2.523931
step=23700 train_loss=2.322089
step=23710 train_loss=2.410924
step=23720 train_loss=2.625527
step=23730 train_loss=1.982661
step=23740 train_loss=2.356793
step=23750 train_loss=2.579142
step=23760 train_loss=2.193749
step=23770 train_loss=1.899720
step=23780 train_loss=2.017231
step=23790 train_loss=2.120788
step=23800 train_loss=2.244549
step=23810 train_loss=2.584498
step=23820 train_loss=2.405386
step=23830 train_loss=2.221204
step=23840 train_loss=2.067763
step=23850 train_loss=2.087960
step=23860 train_loss=2.561181
step=23870 train_loss=2.045177
step=23880 train_loss=2.176976
step=23890 train_loss=2.171743
step=23900 train_loss=2.317840
step=23910 train_loss=1.731865
step=23920 train_loss=1.978752
step=23930 train_loss=1.978551
step=23940 train_loss=2.288717
step=23950 train_loss=1.977853
step=23960 train_loss=1.972988
step=23970 train_loss=2.248681
step=23980 train_loss=2.323125
step=23990 train_loss=2.696252
step=24000 train_loss=2.149476 eval_loss=2.774628
step=24010 train_loss=2.161849
step=24020 train_loss=1.967261
step=24030 train_loss=1.794844
step=24040 train_loss=2.375260
step=24050 train_loss=2.125196
step=24060 train_loss=1.990722
step=24070 train_loss=2.155646
step=24080 train_loss=2.132242
step=24090 train_loss=2.247681
step=24100 train_loss=1.962777
step=24110 train_loss=1.797021
step=24120 train_loss=2.568770
step=24130 train_loss=2.401574
step=24140 train_loss=2.258428
step=24150 train_loss=2.388354
step=24160 train_loss=1.651808
step=24170 train_loss=2.164531
step=24180 train_loss=1.979918
step=24190 train_loss=1.794917
step=24200 train_loss=1.990131
step=24210 train_loss=2.024471
step=24220 train_loss=1.946063
step=24230 train_loss=1.788832
step=24240 train_loss=2.450799
step=24250 train_loss=2.114383
step=24260 train_loss=1.891954
step=24270 train_loss=2.548485
step=24280 train_loss=2.432926
step=24290 train_loss=2.491158
step=24300 train_loss=2.612465
step=24310 train_loss=1.822861
step=24320 train_loss=2.337529
step=24330 train_loss=2.192350
step=24340 train_loss=2.339199
step=24350 train_loss=2.050944
step=24360 train_loss=1.769334
step=24370 train_loss=2.353715
step=24380 train_loss=2.040513
step=24390 train_loss=2.273101
step=24400 train_loss=2.154782
step=24410 train_loss=1.963047
step=24420 train_loss=1.771328
step=24430 train_loss=1.964624
step=24440 train_loss=2.157951
step=24450 train_loss=2.154704
step=24460 train_loss=2.019562
step=24470 train_loss=2.036450
step=24480 train_loss=2.179456
step=24490 train_loss=2.280403
step=24500 train_loss=2.106418
step=24510 train_loss=2.573484
step=24520 train_loss=2.249093
step=24530 train_loss=2.042919
step=24540 train_loss=1.700678
step=24550 train_loss=2.057869
step=24560 train_loss=2.325444
step=24570 train_loss=2.064281
step=24580 train_loss=2.122781
step=24590 train_loss=2.446876
step=24600 train_loss=1.854066
step=24610 train_loss=1.925453
step=24620 train_loss=2.581907
step=24630 train_loss=1.870266
step=24640 train_loss=2.073541
step=24650 train_loss=2.276054
step=24660 train_loss=2.251306
step=24670 train_loss=2.564809
step=24680 train_loss=2.131966
step=24690 train_loss=2.247323
step=24700 train_loss=2.106901
step=24710 train_loss=2.092785
step=24720 train_loss=2.251153
step=24730 train_loss=1.839809
step=24740 train_loss=2.422197
step=24750 train_loss=2.426746
step=24760 train_loss=2.197961
step=24770 train_loss=2.491456
step=24780 train_loss=2.138503
step=24790 train_loss=1.936904
step=24800 train_loss=2.560081
step=24810 train_loss=1.935524
step=24820 train_loss=2.100295
step=24830 train_loss=2.655627
step=24840 train_loss=1.990059
step=24850 train_loss=1.969441
step=24860 train_loss=1.995108
step=24870 train_loss=2.041203
step=24880 train_loss=2.612640
step=24890 train_loss=2.281385
step=24900 train_loss=1.960883
step=24910 train_loss=2.187240
step=24920 train_loss=2.132778
step=24930 train_loss=2.521165
step=24940 train_loss=2.029698
step=24950 train_loss=2.359805
step=24960 train_loss=2.028406
step=24970 train_loss=1.833969
step=24980 train_loss=1.807865
step=24990 train_loss=2.353489
step=25000 train_loss=2.449579 eval_loss=2.758870
step=25010 train_loss=2.134827
step=25020 train_loss=2.227525
step=25030 train_loss=2.191227
step=25040 train_loss=1.935606
step=25050 train_loss=2.434701
step=25060 train_loss=1.758009
step=25070 train_loss=2.192115
step=25080 train_loss=1.786730
step=25090 train_loss=2.337440
step=25100 train_loss=1.955181
step=25110 train_loss=2.414300
step=25120 train_loss=1.984273
step=25130 train_loss=1.716676
step=25140 train_loss=2.351764
step=25150 train_loss=2.264405
step=25160 train_loss=1.920792
step=25170 train_loss=2.422566
step=25180 train_loss=2.351837
step=25190 train_loss=2.869479
step=25200 train_loss=2.192805
step=25210 train_loss=2.611675
step=25220 train_loss=2.250191
step=25230 train_loss=2.273245
step=25240 train_loss=2.456978
step=25250 train_loss=2.337335
step=25260 train_loss=1.926803
step=25270 train_loss=2.131166
step=25280 train_loss=2.124751
step=25290 train_loss=1.947274
step=25300 train_loss=2.178456
step=25310 train_loss=1.610469
step=25320 train_loss=2.509412
step=25330 train_loss=1.985105
step=25340 train_loss=1.837403
step=25350 train_loss=2.112841
step=25360 train_loss=1.989540
step=25370 train_loss=2.162896
step=25380 train_loss=2.723473
step=25390 train_loss=2.124392
step=25400 train_loss=2.896802
step=25410 train_loss=2.241271
step=25420 train_loss=2.230677
step=25430 train_loss=2.574235
step=25440 train_loss=2.316734
step=25450 train_loss=1.919284
step=25460 train_loss=2.200528
step=25470 train_loss=2.400092
step=25480 train_loss=2.151469
step=25490 train_loss=2.222572
step=25500 train_loss=2.053378
step=25510 train_loss=2.539802
step=25520 train_loss=2.511719
step=25530 train_loss=2.279330
step=25540 train_loss=2.335851
step=25550 train_loss=2.169171
step=25560 train_loss=1.843131
step=25570 train_loss=2.192531
step=25580 train_loss=2.070640
step=25590 train_loss=1.987085
step=25600 train_loss=2.017631
step=25610 train_loss=2.072537
step=25620 train_loss=2.383262
step=25630 train_loss=2.181544
step=25640 train_loss=2.405342
step=25650 train_loss=2.153508
step=25660 train_loss=2.303406
step=25670 train_loss=2.502909
step=25680 train_loss=2.297691
step=25690 train_loss=1.879916
step=25700 train_loss=1.772797
step=25710 train_loss=2.129991
step=25720 train_loss=2.020052
step=25730 train_loss=2.139394
step=25740 train_loss=2.009008
step=25750 train_loss=2.185789
step=25760 train_loss=2.033933
step=25770 train_loss=1.964496
step=25780 train_loss=2.056471
step=25790 train_loss=2.314751
step=25800 train_loss=2.359116
step=25810 train_loss=2.413661
step=25820 train_loss=2.226466
step=25830 train_loss=2.259586
step=25840 train_loss=1.921679
step=25850 train_loss=2.070260
step=25860 train_loss=2.169190
step=25870 train_loss=2.085141
step=25880 train_loss=2.866468
step=25890 train_loss=2.391136
step=25900 train_loss=2.429910
step=25910 train_loss=2.068114
step=25920 train_loss=2.240831
step=25930 train_loss=2.152195
step=25940 train_loss=1.864364
step=25950 train_loss=2.185792
step=25960 train_loss=2.520699
step=25970 train_loss=2.148665
step=25980 train_loss=1.903909
step=25990 train_loss=2.333888
step=26000 train_loss=2.152496 eval_loss=2.743489
step=26010 train_loss=1.936620
step=26020 train_loss=1.941908
step=26030 train_loss=2.140379
step=26040 train_loss=2.204792
step=26050 train_loss=1.989817
step=26060 train_loss=2.007840
step=26070 train_loss=2.067147
step=26080 train_loss=2.259773
step=26090 train_loss=2.678887
step=26100 train_loss=2.468919
step=26110 train_loss=2.184208
step=26120 train_loss=2.086589
step=26130 train_loss=2.237505
step=26140 train_loss=2.234621
step=26150 train_loss=2.175318
step=26160 train_loss=2.054934
step=26170 train_loss=2.589908
step=26180 train_loss=2.226984
step=26190 train_loss=2.314294
step=26200 train_loss=2.391570
step=26210 train_loss=2.265582
step=26220 train_loss=1.776571
step=26230 train_loss=2.183039
step=26240 train_loss=2.397239
step=26250 train_loss=2.226223
step=26260 train_loss=2.155690
step=26270 train_loss=2.656106
step=26280 train_loss=2.457329
step=26290 train_loss=2.367171
step=26300 train_loss=2.445512
step=26310 train_loss=2.706328
step=26320 train_loss=1.920986
step=26330 train_loss=2.157275
step=26340 train_loss=2.099324
step=26350 train_loss=2.477216
step=26360 train_loss=2.198546
step=26370 train_loss=2.123140
step=26380 train_loss=1.898235
step=26390 train_loss=1.925835
step=26400 train_loss=1.944377
step=26410 train_loss=1.816402
step=26420 train_loss=2.371650
step=26430 train_loss=2.013473
step=26440 train_loss=1.888618
step=26450 train_loss=1.936603
step=26460 train_loss=2.094747
step=26470 train_loss=2.098580
step=26480 train_loss=2.340940
step=26490 train_loss=2.347933
step=26500 train_loss=2.073626
step=26510 train_loss=1.856641
step=26520 train_loss=2.109244
step=26530 train_loss=2.149747
step=26540 train_loss=2.342737
step=26550 train_loss=2.296732
step=26560 train_loss=2.503079
step=26570 train_loss=2.149012
step=26580 train_loss=2.240647
step=26590 train_loss=2.379074
step=26600 train_loss=1.970396
step=26610 train_loss=2.062664
step=26620 train_loss=2.609926
step=26630 train_loss=1.964683
step=26640 train_loss=1.885718
step=26650 train_loss=1.994648
step=26660 train_loss=1.885434
step=26670 train_loss=2.317330
step=26680 train_loss=2.280031
step=26690 train_loss=2.747107
step=26700 train_loss=1.602103
step=26710 train_loss=2.237990
step=26720 train_loss=2.218179
step=26730 train_loss=2.377485
step=26740 train_loss=2.175177
step=26750 train_loss=2.040679
step=26760 train_loss=1.974667
step=26770 train_loss=2.020039
step=26780 train_loss=2.803602
step=26790 train_loss=2.377159
step=26800 train_loss=2.001240
step=26810 train_loss=2.275407
step=26820 train_loss=2.101835
step=26830 train_loss=2.441725
step=26840 train_loss=2.566460
step=26850 train_loss=1.861303
step=26860 train_loss=2.519733
step=26870 train_loss=2.049864
step=26880 train_loss=2.266123
step=26890 train_loss=2.100208
step=26900 train_loss=2.215598
step=26910 train_loss=2.587350
step=26920 train_loss=1.952224
step=26930 train_loss=2.628616
step=26940 train_loss=2.446796
step=26950 train_loss=2.578682
step=26960 train_loss=2.152339
step=26970 train_loss=2.379144
step=26980 train_loss=2.139656
step=26990 train_loss=2.291645
step=27000 train_loss=2.103339 eval_loss=2.728654
step=27010 train_loss=2.273238
step=27020 train_loss=2.143899
step=27030 train_loss=2.316349
step=27040 train_loss=2.454377
step=27050 train_loss=1.861631
step=27060 train_loss=2.112069
step=27070 train_loss=1.965946
step=27080 train_loss=1.922377
step=27090 train_loss=2.116144
step=27100 train_loss=1.960680
step=27110 train_loss=1.802328
step=27120 train_loss=2.140809
step=27130 train_loss=2.089537
step=27140 train_loss=2.008937
step=27150 train_loss=2.521644
step=27160 train_loss=2.461255
step=27170 train_loss=2.146571
step=27180 train_loss=2.374833
step=27190 train_loss=1.864967
step=27200 train_loss=1.880440
step=27210 train_loss=2.047010
step=27220 train_loss=2.258160
step=27230 train_loss=2.217289
step=27240 train_loss=2.182909
step=27250 train_loss=2.077346
step=27260 train_loss=2.147034
step=27270 train_loss=2.177573
step=27280 train_loss=2.344925
step=27290 train_loss=2.286499
step=27300 train_loss=2.106106
step=27310 train_loss=2.027873
step=27320 train_loss=2.178751
step=27330 train_loss=2.729146
step=27340 train_loss=2.311570
step=27350 train_loss=2.147551
step=27360 train_loss=2.334874
step=27370 train_loss=1.763025
step=27380 train_loss=2.335950
step=27390 train_loss=2.868704
step=27400 train_loss=2.171381
step=27410 train_loss=2.174787
step=27420 train_loss=2.108732
step=27430 train_loss=2.133492
step=27440 train_loss=2.047369
step=27450 train_loss=1.932178
step=27460 train_loss=2.295224
step=27470 train_loss=2.141761
step=27480 train_loss=1.721627
step=27490 train_loss=2.362882
step=27500 train_loss=2.004020
step=27510 train_loss=2.430322
step=27520 train_loss=2.284864
step=27530 train_loss=1.689429
step=27540 train_loss=1.695539
step=27550 train_loss=1.989125
step=27560 train_loss=2.792387
step=27570 train_loss=2.478994
step=27580 train_loss=2.061984
step=27590 train_loss=2.202462
step=27600 train_loss=2.097098
step=27610 train_loss=2.033661
step=27620 train_loss=2.180597
step=27630 train_loss=2.099459
step=27640 train_loss=1.907475
step=27650 train_loss=2.146527
step=27660 train_loss=1.807190
step=27670 train_loss=2.166681
step=27680 train_loss=1.930618
step=27690 train_loss=2.480135
step=27700 train_loss=2.181719
step=27710 train_loss=2.218521
step=27720 train_loss=2.409223
step=27730 train_loss=2.812656
step=27740 train_loss=2.066503
step=27750 train_loss=2.039957
step=27760 train_loss=2.039524
step=27770 train_loss=2.284849
step=27780 train_loss=2.173677
step=27790 train_loss=2.210032
step=27800 train_loss=2.259549
step=27810 train_loss=1.992646
step=27820 train_loss=2.175749
step=27830 train_loss=1.856634
step=27840 train_loss=2.294750
step=27850 train_loss=2.713806
step=27860 train_loss=2.557340
step=27870 train_loss=2.585560
step=27880 train_loss=1.958941
step=27890 train_loss=2.308519
step=27900 train_loss=2.179078
step=27910 train_loss=2.019011
step=27920 train_loss=2.196144
step=27930 train_loss=2.023237
step=27940 train_loss=2.407567
step=27950 train_loss=2.491766
step=27960 train_loss=2.241819
step=27970 train_loss=2.299864
step=27980 train_loss=2.506968
step=27990 train_loss=2.171893
step=28000 train_loss=2.197965 eval_loss=2.719359
step=28010 train_loss=2.208320
step=28020 train_loss=2.050502
step=28030 train_loss=1.894015
step=28040 train_loss=1.775072
step=28050 train_loss=2.375652
step=28060 train_loss=2.620308
step=28070 train_loss=2.163433
step=28080 train_loss=1.936587
step=28090 train_loss=2.463943
step=28100 train_loss=2.122790
step=28110 train_loss=2.402026
step=28120 train_loss=2.458818
step=28130 train_loss=2.271212
step=28140 train_loss=2.244936
step=28150 train_loss=2.132749
step=28160 train_loss=1.864815
step=28170 train_loss=1.710493
step=28180 train_loss=1.771687
step=28190 train_loss=2.525192
step=28200 train_loss=2.130904
step=28210 train_loss=2.230106
step=28220 train_loss=2.627177
step=28230 train_loss=2.188265
step=28240 train_loss=2.409484
step=28250 train_loss=1.778494
step=28260 train_loss=1.923090
step=28270 train_loss=1.718777
step=28280 train_loss=2.004854
step=28290 train_loss=1.371331
step=28300 train_loss=1.902542
step=28310 train_loss=1.793789
step=28320 train_loss=1.899191
step=28330 train_loss=1.909886
step=28340 train_loss=1.920400
step=28350 train_loss=1.818827
step=28360 train_loss=1.724061
step=28370 train_loss=1.888003
step=28380 train_loss=2.025670
step=28390 train_loss=2.289998
step=28400 train_loss=2.127152
step=28410 train_loss=2.191173
step=28420 train_loss=1.488513
step=28430 train_loss=1.983759
step=28440 train_loss=2.030837
step=28450 train_loss=2.291568
step=28460 train_loss=1.807899
step=28470 train_loss=1.696532
step=28480 train_loss=1.673836
step=28490 train_loss=1.953741
step=28500 train_loss=2.046321
step=28510 train_loss=2.229261
step=28520 train_loss=1.898311
step=28530 train_loss=1.917882
step=28540 train_loss=2.080978
step=28550 train_loss=2.080269
step=28560 train_loss=2.120015
step=28570 train_loss=1.522705
step=28580 train_loss=1.474609
step=28590 train_loss=1.912820
step=28600 train_loss=2.018277
step=28610 train_loss=2.104533
step=28620 train_loss=1.929717
step=28630 train_loss=1.809217
step=28640 train_loss=1.994533
step=28650 train_loss=2.407002
step=28660 train_loss=1.909192
step=28670 train_loss=1.662867
step=28680 train_loss=1.858545
step=28690 train_loss=1.979016
step=28700 train_loss=1.928999
step=28710 train_loss=1.838583
step=28720 train_loss=2.360728
step=28730 train_loss=1.702683
step=28740 train_loss=2.018192
step=28750 train_loss=1.676550
step=28760 train_loss=2.192125
step=28770 train_loss=2.069172
step=28780 train_loss=2.299111
step=28790 train_loss=2.310859
step=28800 train_loss=2.533986
step=28810 train_loss=2.107297
step=28820 train_loss=1.579865
step=28830 train_loss=1.847604
step=28840 train_loss=2.197138
step=28850 train_loss=1.845613
step=28860 train_loss=2.008446
step=28870 train_loss=1.549574
step=28880 train_loss=1.812747
step=28890 train_loss=2.027583
step=28900 train_loss=1.834391
step=28910 train_loss=2.041165
step=28920 train_loss=1.887216
step=28930 train_loss=2.120244
step=28940 train_loss=1.680618
step=28950 train_loss=1.856149
step=28960 train_loss=2.048997
step=28970 train_loss=2.013076
step=28980 train_loss=1.713879
step=28990 train_loss=1.588717
step=29000 train_loss=2.096799 eval_loss=2.745822
step=29010 train_loss=2.140765
step=29020 train_loss=2.083137
step=29030 train_loss=1.776062
step=29040 train_loss=1.596112
step=29050 train_loss=1.996476
step=29060 train_loss=2.009794
step=29070 train_loss=1.699245
step=29080 train_loss=1.595892
step=29090 train_loss=1.826698
step=29100 train_loss=2.040164
step=29110 train_loss=2.321316
step=29120 train_loss=2.121987
step=29130 train_loss=1.822818
step=29140 train_loss=2.309607
step=29150 train_loss=1.894007
step=29160 train_loss=2.045169
step=29170 train_loss=2.063549
step=29180 train_loss=1.874618
step=29190 train_loss=1.732993
step=29200 train_loss=2.221451
step=29210 train_loss=1.821814
step=29220 train_loss=2.133707
step=29230 train_loss=1.990350
step=29240 train_loss=2.170511
step=29250 train_loss=1.887240
step=29260 train_loss=1.975360
step=29270 train_loss=1.900752
step=29280 train_loss=1.874602
step=29290 train_loss=1.798509
step=29300 train_loss=2.297478
step=29310 train_loss=1.990903
step=29320 train_loss=2.181453
step=29330 train_loss=2.142728
step=29340 train_loss=2.266891
step=29350 train_loss=1.785754
step=29360 train_loss=2.101104
step=29370 train_loss=2.277202
step=29380 train_loss=2.190686
step=29390 train_loss=1.769843
step=29400 train_loss=2.153050
step=29410 train_loss=1.875379
step=29420 train_loss=1.609071
step=29430 train_loss=2.183296
step=29440 train_loss=1.829852
step=29450 train_loss=2.026333
step=29460 train_loss=2.182298
step=29470 train_loss=2.012921
step=29480 train_loss=2.435214
step=29490 train_loss=1.988744
step=29500 train_loss=2.234652
step=29510 train_loss=1.782396
step=29520 train_loss=1.989783
step=29530 train_loss=1.689532
step=29540 train_loss=1.618335
step=29550 train_loss=1.994092
step=29560 train_loss=2.377676
step=29570 train_loss=1.699576
step=29580 train_loss=2.390897
step=29590 train_loss=2.233351
step=29600 train_loss=1.854690
step=29610 train_loss=2.231525
step=29620 train_loss=2.272852
step=29630 train_loss=2.402678
step=29640 train_loss=1.979321
step=29650 train_loss=2.136458
step=29660 train_loss=2.167857
step=29670 train_loss=1.714645
step=29680 train_loss=2.060850
step=29690 train_loss=1.959645
step=29700 train_loss=1.863554
step=29710 train_loss=1.920606
step=29720 train_loss=2.246133
step=29730 train_loss=1.951835
step=29740 train_loss=2.318029
step=29750 train_loss=1.949000
step=29760 train_loss=1.790883
step=29770 train_loss=1.707288
step=29780 train_loss=2.281310
step=29790 train_loss=2.096623
step=29800 train_loss=2.237196
step=29810 train_loss=2.147148
step=29820 train_loss=2.207158
step=29830 train_loss=2.479088
step=29840 train_loss=2.164747
step=29850 train_loss=2.331448
step=29860 train_loss=1.715939
step=29870 train_loss=2.272229
step=29880 train_loss=1.863628
step=29890 train_loss=2.014250
step=29900 train_loss=2.229225
step=29910 train_loss=2.130261
step=29920 train_loss=2.053854
step=29930 train_loss=1.776762
step=29940 train_loss=2.307473
step=29950 train_loss=2.179316
step=29960 train_loss=1.909629
step=29970 train_loss=2.289167
step=29980 train_loss=1.777698
step=29990 train_loss=2.098574
step=30000 train_loss=2.025742 eval_loss=2.741394
step=30010 train_loss=1.900187
step=30020 train_loss=1.687328
step=30030 train_loss=1.941555
step=30040 train_loss=1.942624
step=30050 train_loss=1.940652
step=30060 train_loss=1.867116
step=30070 train_loss=1.979195
step=30080 train_loss=2.421690
step=30090 train_loss=2.515507
step=30100 train_loss=1.899128
step=30110 train_loss=2.282856
step=30120 train_loss=2.026599
step=30130 train_loss=2.211752
step=30140 train_loss=2.362553
step=30150 train_loss=2.358231
step=30160 train_loss=1.878359
step=30170 train_loss=2.076825
step=30180 train_loss=2.236604
step=30190 train_loss=1.817969
step=30200 train_loss=1.944287
step=30210 train_loss=2.002013
step=30220 train_loss=2.226010
step=30230 train_loss=1.962546
step=30240 train_loss=2.450973
step=30250 train_loss=1.589296
step=30260 train_loss=2.041312
step=30270 train_loss=1.950874
step=30280 train_loss=1.765928
step=30290 train_loss=1.735521
step=30300 train_loss=2.180840
step=30310 train_loss=1.833850
step=30320 train_loss=2.194082
step=30330 train_loss=1.667834
step=30340 train_loss=1.891427
step=30350 train_loss=1.870010
step=30360 train_loss=1.715439
step=30370 train_loss=1.794357
step=30380 train_loss=1.820759
step=30390 train_loss=1.780261
step=30400 train_loss=2.132738
step=30410 train_loss=2.026096
step=30420 train_loss=2.221551
step=30430 train_loss=2.341125
step=30440 train_loss=1.973940
step=30450 train_loss=1.732462
step=30460 train_loss=2.052822
step=30470 train_loss=1.675629
step=30480 train_loss=2.147555
step=30490 train_loss=1.681577
step=30500 train_loss=2.539207
step=30510 train_loss=2.079869
step=30520 train_loss=1.656862
step=30530 train_loss=2.152037
step=30540 train_loss=1.652146
step=30550 train_loss=1.937752
step=30560 train_loss=2.031842
step=30570 train_loss=2.109597
step=30580 train_loss=2.031710
step=30590 train_loss=2.135653
step=30600 train_loss=2.000726
step=30610 train_loss=1.961828
step=30620 train_loss=2.255836
step=30630 train_loss=1.985124
step=30640 train_loss=2.012598
step=30650 train_loss=1.974907
step=30660 train_loss=2.117710
step=30670 train_loss=2.032050
step=30680 train_loss=1.950903
step=30690 train_loss=2.352988
step=30700 train_loss=1.889424
step=30710 train_loss=1.841921
step=30720 train_loss=2.212018
step=30730 train_loss=1.921901
step=30740 train_loss=2.018055
step=30750 train_loss=2.077291
step=30760 train_loss=1.885041
step=30770 train_loss=2.211754
step=30780 train_loss=2.059166
step=30790 train_loss=1.680401
step=30800 train_loss=1.740844
step=30810 train_loss=1.912263
step=30820 train_loss=1.729320
step=30830 train_loss=1.984198
step=30840 train_loss=2.056068
step=30850 train_loss=2.010991
step=30860 train_loss=2.040629
step=30870 train_loss=2.095251
step=30880 train_loss=2.021880
step=30890 train_loss=1.715712
step=30900 train_loss=2.405329
step=30910 train_loss=1.728260
step=30920 train_loss=1.655109
step=30930 train_loss=2.097166
step=30940 train_loss=2.152200
step=30950 train_loss=2.052326
step=30960 train_loss=2.013771
step=30970 train_loss=2.004104
step=30980 train_loss=1.552239
step=30990 train_loss=2.122573
step=31000 train_loss=2.145094 eval_loss=2.731585
step=31010 train_loss=2.227529
step=31020 train_loss=2.248385
step=31030 train_loss=1.888471
step=31040 train_loss=2.318116
step=31050 train_loss=1.965075
step=31060 train_loss=1.813630
step=31070 train_loss=1.918987
step=31080 train_loss=2.139250
step=31090 train_loss=2.085148
step=31100 train_loss=2.188503
step=31110 train_loss=2.299425
step=31120 train_loss=1.681212
step=31130 train_loss=2.520429
step=31140 train_loss=2.033914
step=31150 train_loss=1.957107
step=31160 train_loss=2.168546
step=31170 train_loss=1.821343
step=31180 train_loss=1.822595
step=31190 train_loss=1.853110
step=31200 train_loss=2.321294
step=31210 train_loss=1.988886
step=31220 train_loss=1.953635
step=31230 train_loss=1.858511
step=31240 train_loss=2.107981
step=31250 train_loss=2.124277
step=31260 train_loss=2.074464
step=31270 train_loss=2.390033
step=31280 train_loss=1.905171
step=31290 train_loss=2.044345
step=31300 train_loss=2.095845
step=31310 train_loss=2.465062
step=31320 train_loss=2.176600
step=31330 train_loss=2.450230
step=31340 train_loss=2.584586
step=31350 train_loss=1.763638
step=31360 train_loss=1.860482
step=31370 train_loss=1.706771
step=31380 train_loss=2.414563
step=31390 train_loss=1.946707
step=31400 train_loss=1.934007
step=31410 train_loss=1.881906
step=31420 train_loss=2.114276
step=31430 train_loss=2.040286
step=31440 train_loss=1.845163
step=31450 train_loss=2.062489
step=31460 train_loss=2.294364
step=31470 train_loss=2.581382
step=31480 train_loss=2.148524
step=31490 train_loss=2.283672
step=31500 train_loss=1.933254
step=31510 train_loss=2.169009
step=31520 train_loss=2.148874
step=31530 train_loss=2.131156
step=31540 train_loss=2.122383
step=31550 train_loss=2.172301
step=31560 train_loss=1.808858
step=31570 train_loss=2.400367
step=31580 train_loss=1.866608
step=31590 train_loss=1.987854
step=31600 train_loss=2.251134
step=31610 train_loss=1.892499
step=31620 train_loss=2.131822
step=31630 train_loss=1.845960
step=31640 train_loss=1.697368
step=31650 train_loss=2.419185
step=31660 train_loss=1.894027
step=31670 train_loss=1.681955
step=31680 train_loss=1.929830
step=31690 train_loss=1.798444
step=31700 train_loss=2.240169
step=31710 train_loss=2.071659
step=31720 train_loss=1.903890
step=31730 train_loss=1.855463
step=31740 train_loss=1.999191
step=31750 train_loss=1.978712
step=31760 train_loss=2.057128
step=31770 train_loss=2.229392
step=31780 train_loss=2.130572
step=31790 train_loss=2.124083
step=31800 train_loss=2.153695
step=31810 train_loss=2.014696
step=31820 train_loss=2.212859
step=31830 train_loss=2.153164
step=31840 train_loss=2.082920
step=31850 train_loss=1.662394
step=31860 train_loss=2.117555
step=31870 train_loss=2.110420
step=31880 train_loss=2.345694
step=31890 train_loss=2.428854
step=31900 train_loss=2.252904
step=31910 train_loss=1.893484
step=31920 train_loss=2.102333
step=31930 train_loss=2.247623
step=31940 train_loss=2.474945
step=31950 train_loss=1.928282
step=31960 train_loss=1.755836
step=31970 train_loss=2.004787
step=31980 train_loss=2.001368
step=31990 train_loss=1.687970
step=32000 train_loss=2.325741 eval_loss=2.717279
step=32010 train_loss=1.677722
step=32020 train_loss=1.942760
step=32030 train_loss=1.696339
step=32040 train_loss=2.009628
step=32050 train_loss=2.038570
step=32060 train_loss=2.040998
step=32070 train_loss=2.220692
step=32080 train_loss=2.229100
step=32090 train_loss=2.143890
step=32100 train_loss=1.970045
step=32110 train_loss=2.245562
step=32120 train_loss=2.284793
step=32130 train_loss=1.863491
step=32140 train_loss=2.046572
step=32150 train_loss=2.021326
step=32160 train_loss=2.000532
step=32170 train_loss=2.509101
step=32180 train_loss=2.154058
step=32190 train_loss=2.104729
step=32200 train_loss=2.477103
step=32210 train_loss=1.949336
step=32220 train_loss=2.226838
step=32230 train_loss=2.025824
step=32240 train_loss=2.002397
step=32250 train_loss=1.958377
step=32260 train_loss=1.861885
step=32270 train_loss=2.251270
step=32280 train_loss=2.211318
step=32290 train_loss=2.063348
step=32300 train_loss=2.208031
step=32310 train_loss=1.810324
step=32320 train_loss=2.003537
step=32330 train_loss=1.910165
step=32340 train_loss=2.036083
step=32350 train_loss=2.215107
step=32360 train_loss=2.015364
step=32370 train_loss=1.955184
step=32380 train_loss=2.056573
step=32390 train_loss=2.148972
step=32400 train_loss=1.806422
step=32410 train_loss=1.926071
step=32420 train_loss=1.807554
step=32430 train_loss=1.874184
step=32440 train_loss=2.291743
step=32450 train_loss=1.829124
step=32460 train_loss=2.261027
step=32470 train_loss=2.703637
step=32480 train_loss=1.885946
step=32490 train_loss=1.918042
step=32500 train_loss=2.432575
step=32510 train_loss=1.647555
step=32520 train_loss=2.008505
step=32530 train_loss=1.966748
step=32540 train_loss=2.404720
step=32550 train_loss=1.868818
step=32560 train_loss=2.256467
step=32570 train_loss=2.219819
step=32580 train_loss=1.610364
step=32590 train_loss=1.969185
step=32600 train_loss=2.054262
step=32610 train_loss=2.345418
step=32620 train_loss=1.876082
step=32630 train_loss=1.900119
step=32640 train_loss=2.277818
step=32650 train_loss=2.223561
step=32660 train_loss=2.080644
step=32670 train_loss=1.881934
step=32680 train_loss=2.096517
step=32690 train_loss=1.881793
step=32700 train_loss=2.210251
step=32710 train_loss=2.186396
step=32720 train_loss=1.866908
step=32730 train_loss=1.954766
step=32740 train_loss=2.147571
step=32750 train_loss=1.744203
step=32760 train_loss=2.149740
step=32770 train_loss=2.236528
step=32780 train_loss=1.821087
step=32790 train_loss=2.338005
step=32800 train_loss=1.981532
step=32810 train_loss=2.057431
step=32820 train_loss=2.476665
step=32830 train_loss=2.412358
step=32840 train_loss=1.921297
step=32850 train_loss=2.380433
step=32860 train_loss=2.199493
step=32870 train_loss=1.923679
step=32880 train_loss=1.990402
step=32890 train_loss=2.523203
step=32900 train_loss=1.819317
step=32910 train_loss=2.189952
step=32920 train_loss=2.078858
step=32930 train_loss=2.273709
step=32940 train_loss=1.781140
step=32950 train_loss=1.786367
step=32960 train_loss=2.384280
step=32970 train_loss=2.182776
step=32980 train_loss=1.788022
step=32990 train_loss=1.941725
step=33000 train_loss=2.012156 eval_loss=2.706490
step=33010 train_loss=2.493726
step=33020 train_loss=2.364207
step=33030 train_loss=2.121005
step=33040 train_loss=2.415883
step=33050 train_loss=1.651225
step=33060 train_loss=2.291372
step=33070 train_loss=1.945165
step=33080 train_loss=1.949092
step=33090 train_loss=2.048739
step=33100 train_loss=1.895782
step=33110 train_loss=2.369461
step=33120 train_loss=2.095090
step=33130 train_loss=1.995570
step=33140 train_loss=2.254122
step=33150 train_loss=2.044126
step=33160 train_loss=2.072308
step=33170 train_loss=2.129306
step=33180 train_loss=2.389700
step=33190 train_loss=1.748373
step=33200 train_loss=1.989936
step=33210 train_loss=2.592901
step=33220 train_loss=1.869481
step=33230 train_loss=2.092283
step=33240 train_loss=1.902711
step=33250 train_loss=1.722706
step=33260 train_loss=2.390078
step=33270 train_loss=2.280960
step=33280 train_loss=2.156358
step=33290 train_loss=2.005742
step=33300 train_loss=2.011343
step=33310 train_loss=2.291879
step=33320 train_loss=2.087616
step=33330 train_loss=1.842692
step=33340 train_loss=2.345140
step=33350 train_loss=2.146696
step=33360 train_loss=2.208408
step=33370 train_loss=1.796540
step=33380 train_loss=1.726378
step=33390 train_loss=1.795609
step=33400 train_loss=1.933562
step=33410 train_loss=2.057156
step=33420 train_loss=1.749510
step=33430 train_loss=1.865492
step=33440 train_loss=1.911043
step=33450 train_loss=1.980551
step=33460 train_loss=1.959707
step=33470 train_loss=1.936993
step=33480 train_loss=1.683637
step=33490 train_loss=1.998028
step=33500 train_loss=1.778428
step=33510 train_loss=1.801264
step=33520 train_loss=2.104540
step=33530 train_loss=2.267199
step=33540 train_loss=1.867197
step=33550 train_loss=1.960521
step=33560 train_loss=2.090222
step=33570 train_loss=1.706757
step=33580 train_loss=2.258311
step=33590 train_loss=1.906306
step=33600 train_loss=1.945166
step=33610 train_loss=2.150990
step=33620 train_loss=1.886210
step=33630 train_loss=1.746271
step=33640 train_loss=1.971608
step=33650 train_loss=1.876588
step=33660 train_loss=2.374719
step=33670 train_loss=1.760436
step=33680 train_loss=1.866481
step=33690 train_loss=2.264253
step=33700 train_loss=1.930546
step=33710 train_loss=2.405857
step=33720 train_loss=1.980282
step=33730 train_loss=1.991862
step=33740 train_loss=1.984297
step=33750 train_loss=1.450405
step=33760 train_loss=1.686993
step=33770 train_loss=2.058127
step=33780 train_loss=2.177270
step=33790 train_loss=2.352389
step=33800 train_loss=1.654376
step=33810 train_loss=1.758624
step=33820 train_loss=2.173279
step=33830 train_loss=2.045445
step=33840 train_loss=1.690124
step=33850 train_loss=1.842646
step=33860 train_loss=2.225084
step=33870 train_loss=1.858701
step=33880 train_loss=1.824845
step=33890 train_loss=1.986979
step=33900 train_loss=1.974330
step=33910 train_loss=2.047096
step=33920 train_loss=2.037706
step=33930 train_loss=2.106427
step=33940 train_loss=1.601109
step=33950 train_loss=1.693834
step=33960 train_loss=1.520560
step=33970 train_loss=1.688294
step=33980 train_loss=1.918925
step=33990 train_loss=1.958077
step=34000 train_loss=1.937341 eval_loss=2.730764
step=34010 train_loss=1.939030
step=34020 train_loss=2.105639
step=34030 train_loss=1.731024
step=34040 train_loss=2.155622
step=34050 train_loss=1.650182
step=34060 train_loss=1.682237
step=34070 train_loss=2.116165
step=34080 train_loss=2.148401
step=34090 train_loss=1.976365
step=34100 train_loss=1.770984
step=34110 train_loss=2.089644
step=34120 train_loss=2.141051
step=34130 train_loss=1.684459
step=34140 train_loss=1.794898
step=34150 train_loss=2.187861
step=34160 train_loss=2.040134
step=34170 train_loss=1.806357
step=34180 train_loss=2.021242
step=34190 train_loss=1.891224
step=34200 train_loss=1.866826
step=34210 train_loss=1.728801
step=34220 train_loss=1.935391
step=34230 train_loss=1.801256
step=34240 train_loss=2.357106
step=34250 train_loss=1.744280
step=34260 train_loss=1.803547
step=34270 train_loss=1.760766
step=34280 train_loss=1.894205
step=34290 train_loss=1.838064
step=34300 train_loss=2.127321
step=34310 train_loss=1.964640
step=34320 train_loss=1.795306
step=34330 train_loss=1.833550
step=34340 train_loss=1.971818
step=34350 train_loss=1.594227
step=34360 train_loss=1.664580
step=34370 train_loss=1.879115
step=34380 train_loss=1.892626
step=34390 train_loss=1.992037
step=34400 train_loss=2.241494
step=34410 train_loss=1.509639
step=34420 train_loss=1.835180
step=34430 train_loss=1.608921
step=34440 train_loss=1.825189
step=34450 train_loss=1.868467
step=34460 train_loss=2.064507
step=34470 train_loss=1.906127
step=34480 train_loss=1.754769
step=34490 train_loss=2.018732
step=34500 train_loss=2.233548
step=34510 train_loss=1.837837
step=34520 train_loss=2.294329
step=34530 train_loss=1.644749
step=34540 train_loss=1.741322
step=34550 train_loss=2.017368
step=34560 train_loss=1.917948
step=34570 train_loss=1.977305
step=34580 train_loss=1.474865
step=34590 train_loss=1.867320
step=34600 train_loss=1.939378
step=34610 train_loss=1.894771
step=34620 train_loss=1.745073
step=34630 train_loss=1.590650
step=34640 train_loss=1.622896
step=34650 train_loss=1.922597
step=34660 train_loss=1.883596
step=34670 train_loss=1.736761
step=34680 train_loss=1.923270
step=34690 train_loss=2.117195
step=34700 train_loss=2.402675
step=34710 train_loss=1.703264
step=34720 train_loss=1.933526
step=34730 train_loss=1.753500
step=34740 train_loss=1.989616
step=34750 train_loss=1.989007
step=34760 train_loss=1.547628
step=34770 train_loss=2.117636
step=34780 train_loss=2.007188
step=34790 train_loss=2.510346
step=34800 train_loss=1.916943
step=34810 train_loss=2.140507
step=34820 train_loss=2.101664
step=34830 train_loss=2.153910
step=34840 train_loss=1.569361
step=34850 train_loss=1.544245
step=34860 train_loss=2.064806
step=34870 train_loss=2.092527
step=34880 train_loss=2.066331
step=34890 train_loss=2.020746
step=34900 train_loss=1.767365
step=34910 train_loss=1.997897
step=34920 train_loss=2.353294
step=34930 train_loss=1.785615
step=34940 train_loss=1.671083
step=34950 train_loss=1.995033
step=34960 train_loss=1.789004
step=34970 train_loss=1.940650
step=34980 train_loss=1.991870
step=34990 train_loss=1.784036
step=35000 train_loss=1.891152 eval_loss=2.740611
step=35010 train_loss=1.783872
step=35020 train_loss=1.836001
step=35030 train_loss=1.557906
step=35040 train_loss=1.623371
step=35050 train_loss=1.739824
step=35060 train_loss=1.942002
step=35070 train_loss=1.846090
step=35080 train_loss=1.881970
step=35090 train_loss=1.483982
step=35100 train_loss=2.341556
step=35110 train_loss=2.058768
step=35120 train_loss=1.688765
step=35130 train_loss=1.632148
step=35140 train_loss=2.031908
step=35150 train_loss=1.933972
step=35160 train_loss=1.861997
step=35170 train_loss=1.614561
step=35180 train_loss=2.321520
step=35190 train_loss=1.880406
step=35200 train_loss=2.027609
step=35210 train_loss=1.973434
step=35220 train_loss=1.977927
step=35230 train_loss=1.788973
step=35240 train_loss=1.962694
step=35250 train_loss=1.782499
step=35260 train_loss=1.859590
step=35270 train_loss=1.770008
step=35280 train_loss=1.573687
step=35290 train_loss=1.865248
step=35300 train_loss=2.219951
step=35310 train_loss=1.698399
step=35320 train_loss=2.115198
step=35330 train_loss=1.655858
step=35340 train_loss=2.045505
step=35350 train_loss=1.935965
step=35360 train_loss=1.400526
step=35370 train_loss=1.814315
step=35380 train_loss=1.868416
step=35390 train_loss=1.819409
step=35400 train_loss=1.785737
step=35410 train_loss=1.528819
step=35420 train_loss=1.908980
step=35430 train_loss=1.656046
step=35440 train_loss=1.884946
step=35450 train_loss=1.811744
step=35460 train_loss=1.969147
step=35470 train_loss=2.021618
step=35480 train_loss=2.065949
step=35490 train_loss=1.778303
step=35500 train_loss=1.978894
step=35510 train_loss=1.540707
step=35520 train_loss=1.817303
step=35530 train_loss=2.248651
step=35540 train_loss=1.591808
step=35550 train_loss=1.671726
step=35560 train_loss=2.081561
step=35570 train_loss=2.053306
step=35580 train_loss=2.014813
step=35590 train_loss=2.067985
step=35600 train_loss=1.850976
step=35610 train_loss=1.640548
step=35620 train_loss=1.891613
step=35630 train_loss=1.786706
step=35640 train_loss=1.829001
step=35650 train_loss=2.018346
step=35660 train_loss=1.639302
step=35670 train_loss=1.592193
step=35680 train_loss=1.511946
step=35690 train_loss=1.728435
step=35700 train_loss=2.150248
step=35710 train_loss=2.026154
step=35720 train_loss=2.158569
step=35730 train_loss=2.063723
step=35740 train_loss=1.512485
step=35750 train_loss=2.669583
step=35760 train_loss=1.659528
step=35770 train_loss=2.088943
step=35780 train_loss=1.650182
step=35790 train_loss=2.018942
step=35800 train_loss=2.197043
step=35810 train_loss=1.620404
step=35820 train_loss=1.824699
step=35830 train_loss=2.102584
step=35840 train_loss=1.938664
step=35850 train_loss=1.957301
step=35860 train_loss=2.104183
step=35870 train_loss=1.433784
step=35880 train_loss=1.517236
step=35890 train_loss=1.921554
step=35900 train_loss=2.099943
step=35910 train_loss=2.102881
step=35920 train_loss=2.057755
step=35930 train_loss=1.925543
step=35940 train_loss=1.797168
step=35950 train_loss=1.927029
step=35960 train_loss=1.747636
step=35970 train_loss=1.793790
step=35980 train_loss=1.784493
step=35990 train_loss=1.941723
step=36000 train_loss=1.708179 eval_loss=2.737956
step=36010 train_loss=2.131324
step=36020 train_loss=1.500400
step=36030 train_loss=2.003263
step=36040 train_loss=1.926806
step=36050 train_loss=1.600325
step=36060 train_loss=1.780817
step=36070 train_loss=2.313584
step=36080 train_loss=2.014129
step=36090 train_loss=1.944490
step=36100 train_loss=1.951084
step=36110 train_loss=1.962473
step=36120 train_loss=1.882640
step=36130 train_loss=2.200416
step=36140 train_loss=1.763392
step=36150 train_loss=2.131550
step=36160 train_loss=2.120236
step=36170 train_loss=1.879628
step=36180 train_loss=1.949415
step=36190 train_loss=2.437256
step=36200 train_loss=2.093331
step=36210 train_loss=1.936564
step=36220 train_loss=1.882453
step=36230 train_loss=2.133335
step=36240 train_loss=1.906189
step=36250 train_loss=1.902473
step=36260 train_loss=1.809778
step=36270 train_loss=1.485110
step=36280 train_loss=2.081315
step=36290 train_loss=1.974515
step=36300 train_loss=1.962340
step=36310 train_loss=1.757892
step=36320 train_loss=1.803120
step=36330 train_loss=2.120847
step=36340 train_loss=2.124602
step=36350 train_loss=1.510648
step=36360 train_loss=1.721974
step=36370 train_loss=2.004932
step=36380 train_loss=1.843359
step=36390 train_loss=1.689182
step=36400 train_loss=1.878254
step=36410 train_loss=1.992989
step=36420 train_loss=1.883378
step=36430 train_loss=1.685769
step=36440 train_loss=1.743967
step=36450 train_loss=2.209856
step=36460 train_loss=2.279706
step=36470 train_loss=2.252953
step=36480 train_loss=1.755772
step=36490 train_loss=2.297285
step=36500 train_loss=2.097933
step=36510 train_loss=1.644019
step=36520 train_loss=1.876352
step=36530 train_loss=1.837308
step=36540 train_loss=2.281252
step=36550 train_loss=1.918959
step=36560 train_loss=2.304167
step=36570 train_loss=1.503898
step=36580 train_loss=1.969897
step=36590 train_loss=1.804982
step=36600 train_loss=1.448271
step=36610 train_loss=1.750863
step=36620 train_loss=1.547539
step=36630 train_loss=2.053920
step=36640 train_loss=1.988445
step=36650 train_loss=1.447927
step=36660 train_loss=1.765191
step=36670 train_loss=1.918891
step=36680 train_loss=1.850407
step=36690 train_loss=1.912635
step=36700 train_loss=2.014706
step=36710 train_loss=2.101192
step=36720 train_loss=2.301074
step=36730 train_loss=1.652603
step=36740 train_loss=1.942334
step=36750 train_loss=2.221568
step=36760 train_loss=1.528617
step=36770 train_loss=1.665864
step=36780 train_loss=2.159509
step=36790 train_loss=2.211503
step=36800 train_loss=1.293151
step=36810 train_loss=1.969485
step=36820 train_loss=2.107218
step=36830 train_loss=1.987206
step=36840 train_loss=1.647349
step=36850 train_loss=1.656939
step=36860 train_loss=1.658071
step=36870 train_loss=2.210903
step=36880 train_loss=2.056759
step=36890 train_loss=1.706520
step=36900 train_loss=1.774540
step=36910 train_loss=2.054116
step=36920 train_loss=1.742271
step=36930 train_loss=1.904846
step=36940 train_loss=2.057789
step=36950 train_loss=1.964239
step=36960 train_loss=1.721086
step=36970 train_loss=1.921688
step=36980 train_loss=2.072065
step=36990 train_loss=1.884872
step=37000 train_loss=1.827807 eval_loss=2.732056
step=37010 train_loss=1.926226
step=37020 train_loss=1.834732
step=37030 train_loss=2.141582
step=37040 train_loss=1.960923
step=37050 train_loss=2.008209
step=37060 train_loss=2.248941
step=37070 train_loss=1.621207
step=37080 train_loss=1.684884
step=37090 train_loss=2.139484
step=37100 train_loss=2.033736
step=37110 train_loss=1.701648
step=37120 train_loss=1.754542
step=37130 train_loss=2.236142
step=37140 train_loss=2.265010
step=37150 train_loss=1.807069
step=37160 train_loss=1.911824
step=37170 train_loss=2.132168
step=37180 train_loss=1.876120
step=37190 train_loss=2.420531
step=37200 train_loss=2.242530
step=37210 train_loss=1.850341
step=37220 train_loss=1.661963
step=37230 train_loss=1.948299
step=37240 train_loss=1.985236
step=37250 train_loss=1.759405
step=37260 train_loss=2.036554
step=37270 train_loss=1.312483
step=37280 train_loss=1.889206
step=37290 train_loss=2.179376
step=37300 train_loss=2.048705
step=37310 train_loss=1.647664
step=37320 train_loss=1.649850
step=37330 train_loss=2.102874
step=37340 train_loss=2.062554
step=37350 train_loss=1.680543
step=37360 train_loss=1.767244
step=37370 train_loss=1.765620
step=37380 train_loss=1.852479
step=37390 train_loss=2.282707
step=37400 train_loss=1.641067
step=37410 train_loss=2.201503
step=37420 train_loss=1.828881
step=37430 train_loss=2.124021
step=37440 train_loss=2.042552
step=37450 train_loss=1.707287
step=37460 train_loss=1.804289
step=37470 train_loss=1.706252
step=37480 train_loss=1.532355
step=37490 train_loss=1.969393
step=37500 train_loss=2.062613
step=37510 train_loss=1.822459
step=37520 train_loss=1.885583
step=37530 train_loss=1.821290
step=37540 train_loss=2.001671
step=37550 train_loss=1.607980
step=37560 train_loss=2.064920
step=37570 train_loss=1.772452
step=37580 train_loss=1.597691
step=37590 train_loss=1.935171
step=37600 train_loss=1.977432
step=37610 train_loss=1.827899
step=37620 train_loss=2.126911
step=37630 train_loss=1.794776
step=37640 train_loss=2.044330
step=37650 train_loss=1.841744
step=37660 train_loss=1.561582
step=37670 train_loss=2.076214
step=37680 train_loss=2.026951
step=37690 train_loss=1.760071
step=37700 train_loss=1.937074
step=37710 train_loss=1.790557
step=37720 train_loss=1.736650
step=37730 train_loss=1.735331
step=37740 train_loss=2.102076
step=37750 train_loss=1.868689
step=37760 train_loss=2.021722
step=37770 train_loss=1.536752
step=37780 train_loss=2.056917
step=37790 train_loss=1.945061
step=37800 train_loss=1.743341
step=37810 train_loss=2.172277
step=37820 train_loss=2.035301
step=37830 train_loss=2.062204
step=37840 train_loss=1.685513
step=37850 train_loss=1.857731
step=37860 train_loss=2.042716
step=37870 train_loss=1.751668
step=37880 train_loss=1.661735
step=37890 train_loss=2.228229
step=37900 train_loss=1.978836
step=37910 train_loss=1.971757
step=37920 train_loss=1.691590
step=37930 train_loss=1.670025
step=37940 train_loss=1.818203
step=37950 train_loss=1.735849
step=37960 train_loss=1.600628
step=37970 train_loss=1.935968
step=37980 train_loss=1.702378
step=37990 train_loss=1.797188
step=38000 train_loss=1.692189 eval_loss=2.726268
step=38010 train_loss=1.964090
step=38020 train_loss=1.685659
step=38030 train_loss=1.861477
step=38040 train_loss=1.766818
step=38050 train_loss=2.367255
step=38060 train_loss=1.735312
step=38070 train_loss=1.788786
step=38080 train_loss=1.771792
step=38090 train_loss=1.818198
step=38100 train_loss=1.493282
step=38110 train_loss=2.005753
step=38120 train_loss=1.935320
step=38130 train_loss=1.860087
step=38140 train_loss=1.887191
step=38150 train_loss=1.872786
step=38160 train_loss=2.001170
step=38170 train_loss=1.795489
step=38180 train_loss=1.984969
step=38190 train_loss=2.220302
step=38200 train_loss=2.114618
step=38210 train_loss=2.006267
step=38220 train_loss=2.079926
step=38230 train_loss=2.207272
step=38240 train_loss=2.080757
step=38250 train_loss=1.716798
step=38260 train_loss=1.800683
step=38270 train_loss=2.101314
step=38280 train_loss=2.041767
step=38290 train_loss=1.960105
step=38300 train_loss=2.127999
step=38310 train_loss=1.788958
step=38320 train_loss=1.872973
step=38330 train_loss=2.341967
step=38340 train_loss=1.694707
step=38350 train_loss=1.822163
step=38360 train_loss=2.345235
step=38370 train_loss=2.085386
step=38380 train_loss=2.096849
step=38390 train_loss=1.537254
step=38400 train_loss=2.088157
step=38410 train_loss=2.147716
step=38420 train_loss=1.912571
step=38430 train_loss=1.896633
step=38440 train_loss=1.810170
step=38450 train_loss=1.626052
step=38460 train_loss=1.644918
step=38470 train_loss=1.815816
step=38480 train_loss=2.025838
step=38490 train_loss=2.040420
step=38500 train_loss=2.098385
step=38510 train_loss=1.728071
step=38520 train_loss=2.058956
step=38530 train_loss=1.811332
step=38540 train_loss=2.031005
step=38550 train_loss=1.635235
step=38560 train_loss=2.575992
step=38570 train_loss=1.673395
step=38580 train_loss=1.802015
step=38590 train_loss=1.657529
step=38600 train_loss=1.903766
step=38610 train_loss=1.870920
step=38620 train_loss=1.870489
step=38630 train_loss=1.880853
step=38640 train_loss=1.732789
step=38650 train_loss=1.865662
step=38660 train_loss=1.791695
step=38670 train_loss=1.665970
step=38680 train_loss=1.860363
step=38690 train_loss=2.183305
step=38700 train_loss=1.734708
step=38710 train_loss=1.733598
step=38720 train_loss=1.535981
step=38730 train_loss=1.894856
step=38740 train_loss=2.177744
step=38750 train_loss=1.906149
step=38760 train_loss=2.178901
step=38770 train_loss=1.757103
step=38780 train_loss=1.707513
step=38790 train_loss=2.065015
step=38800 train_loss=2.086517
step=38810 train_loss=2.054679
step=38820 train_loss=1.899791
step=38830 train_loss=1.910499
step=38840 train_loss=1.940676
step=38850 train_loss=2.175015
step=38860 train_loss=1.589005
step=38870 train_loss=1.772587
step=38880 train_loss=2.163262
step=38890 train_loss=1.773927
step=38900 train_loss=2.082665
step=38910 train_loss=2.148708
step=38920 train_loss=2.415328
step=38930 train_loss=1.909758
step=38940 train_loss=2.456497
step=38950 train_loss=2.005887
step=38960 train_loss=1.756098
step=38970 train_loss=1.815824
step=38980 train_loss=1.688676
step=38990 train_loss=2.019802
step=39000 train_loss=1.798676 eval_loss=2.718674
step=39010 train_loss=1.633196
step=39020 train_loss=1.709315
step=39030 train_loss=1.876857
step=39040 train_loss=1.953054
step=39050 train_loss=2.134215
step=39060 train_loss=1.968164
step=39070 train_loss=1.588846
step=39080 train_loss=2.015358
step=39090 train_loss=1.580411
step=39100 train_loss=2.280239
step=39110 train_loss=1.582666
step=39120 train_loss=1.511380
step=39130 train_loss=1.865682
step=39140 train_loss=1.728588
step=39150 train_loss=1.962667
step=39160 train_loss=1.797727
step=39170 train_loss=1.674312
step=39180 train_loss=2.025039
step=39190 train_loss=1.849815
step=39200 train_loss=2.065792
step=39210 train_loss=2.117215
step=39220 train_loss=2.046232
step=39230 train_loss=1.694679
step=39240 train_loss=1.679681
step=39250 train_loss=2.172875
step=39260 train_loss=2.017738
step=39270 train_loss=1.848247
step=39280 train_loss=2.062456
step=39290 train_loss=2.073610
step=39300 train_loss=2.071609
step=39310 train_loss=1.945126
step=39320 train_loss=2.246129
step=39330 train_loss=1.625107
step=39340 train_loss=2.239118
step=39350 train_loss=2.030887
step=39360 train_loss=2.183871
step=39370 train_loss=1.679311
step=39380 train_loss=1.626825
step=39390 train_loss=1.786960
step=39400 train_loss=1.746037
step=39410 train_loss=2.214010
step=39420 train_loss=1.800359
step=39430 train_loss=2.097091
step=39440 train_loss=1.458400
step=39450 train_loss=1.996380
step=39460 train_loss=2.011969
step=39470 train_loss=1.700605
step=39480 train_loss=2.250015
step=39490 train_loss=1.908034
step=39500 train_loss=1.600705
step=39510 train_loss=2.320886
step=39520 train_loss=1.957367
step=39530 train_loss=2.157561
step=39540 train_loss=2.276033
step=39550 train_loss=1.707306
step=39560 train_loss=1.842732
step=39570 train_loss=1.968081
step=39580 train_loss=2.097391
step=39590 train_loss=1.997534
step=39600 train_loss=1.519146
step=39610 train_loss=1.679246
step=39620 train_loss=1.483202
step=39630 train_loss=1.863550
step=39640 train_loss=1.874567
step=39650 train_loss=1.875376
step=39660 train_loss=1.612637
step=39670 train_loss=1.453348
step=39680 train_loss=1.904531
step=39690 train_loss=1.363007
step=39700 train_loss=1.913145
step=39710 train_loss=1.884639
step=39720 train_loss=1.769853
step=39730 train_loss=1.756359
step=39740 train_loss=1.675995
step=39750 train_loss=2.063277
step=39760 train_loss=1.621125
step=39770 train_loss=1.717227
step=39780 train_loss=1.939333
step=39790 train_loss=1.925950
step=39800 train_loss=2.076981
step=39810 train_loss=1.897716
step=39820 train_loss=1.548377
step=39830 train_loss=1.830126
step=39840 train_loss=1.792672
step=39850 train_loss=1.602004
step=39860 train_loss=1.916129
step=39870 train_loss=1.659792
step=39880 train_loss=1.633554
step=39890 train_loss=1.840497
step=39900 train_loss=1.568818
step=39910 train_loss=1.778699
step=39920 train_loss=1.926497
step=39930 train_loss=1.942012
step=39940 train_loss=1.467262
step=39950 train_loss=1.734754
step=39960 train_loss=1.423112
step=39970 train_loss=1.982414
step=39980 train_loss=1.526686
step=39990 train_loss=1.633429
step=40000 train_loss=1.820363 eval_loss=2.757890
step=40010 train_loss=2.003985
step=40020 train_loss=2.008487
step=40030 train_loss=2.192487
step=40040 train_loss=1.862657
step=40050 train_loss=1.852467
step=40060 train_loss=1.481010
step=40070 train_loss=1.881791
step=40080 train_loss=1.559187
step=40090 train_loss=1.608815
step=40100 train_loss=1.424821
step=40110 train_loss=1.806354
step=40120 train_loss=1.852521
step=40130 train_loss=1.953569
step=40140 train_loss=1.767276
step=40150 train_loss=1.770376
step=40160 train_loss=2.187152
step=40170 train_loss=2.040339
step=40180 train_loss=2.137109
step=40190 train_loss=1.759575
step=40200 train_loss=1.953385
step=40210 train_loss=1.784493
step=40220 train_loss=1.556763
step=40230 train_loss=1.561646
step=40240 train_loss=1.998713
step=40250 train_loss=1.712582
step=40260 train_loss=1.617127
step=40270 train_loss=1.943154
step=40280 train_loss=1.655952
step=40290 train_loss=1.765078
step=40300 train_loss=2.194628
step=40310 train_loss=1.643784
step=40320 train_loss=1.511722
step=40330 train_loss=1.617592
step=40340 train_loss=2.020338
step=40350 train_loss=1.919190
step=40360 train_loss=1.806252
step=40370 train_loss=2.070843
step=40380 train_loss=1.898765
step=40390 train_loss=1.759998
step=40400 train_loss=1.682203
step=40410 train_loss=1.787382
step=40420 train_loss=1.685425
step=40430 train_loss=1.693369
step=40440 train_loss=1.433681
step=40450 train_loss=1.676031
step=40460 train_loss=1.836917
step=40470 train_loss=1.680852
step=40480 train_loss=1.660652
step=40490 train_loss=1.682774
step=40500 train_loss=1.611901
step=40510 train_loss=1.953687
step=40520 train_loss=1.741036
step=40530 train_loss=1.634680
step=40540 train_loss=1.694187
step=40550 train_loss=2.244660
step=40560 train_loss=1.996374
step=40570 train_loss=1.913097
step=40580 train_loss=1.973457
step=40590 train_loss=1.885993
step=40600 train_loss=1.605522
step=40610 train_loss=1.817387
step=40620 train_loss=1.854503
step=40630 train_loss=1.855063
step=40640 train_loss=1.757765
step=40650 train_loss=1.775813
step=40660 train_loss=1.838350
step=40670 train_loss=2.092583
step=40680 train_loss=1.398365
step=40690 train_loss=1.400865
step=40700 train_loss=1.758716
step=40710 train_loss=1.866092
step=40720 train_loss=1.617924
step=40730 train_loss=1.740721
step=40740 train_loss=1.843543
step=40750 train_loss=1.880115
step=40760 train_loss=2.112979
step=40770 train_loss=1.907811
step=40780 train_loss=2.023749
step=40790 train_loss=1.759150
step=40800 train_loss=1.943178
step=40810 train_loss=1.787326
step=40820 train_loss=2.025556
step=40830 train_loss=1.658400
step=40840 train_loss=1.817848
step=40850 train_loss=1.712990
step=40860 train_loss=1.804764
step=40870 train_loss=1.755852
step=40880 train_loss=1.703568
step=40890 train_loss=1.436144
step=40900 train_loss=1.951913
step=40910 train_loss=1.984127
step=40920 train_loss=1.644047
step=40930 train_loss=1.504690
step=40940 train_loss=1.751693
step=40950 train_loss=1.704365
step=40960 train_loss=1.758399
step=40970 train_loss=1.672795
step=40980 train_loss=1.436669
step=40990 train_loss=1.429126
step=41000 train_loss=1.613655 eval_loss=2.763097
step=41010 train_loss=2.207710
step=41020 train_loss=1.881614
step=41030 train_loss=2.094150
step=41040 train_loss=1.542921
step=41050 train_loss=1.659835
step=41060 train_loss=1.680455
step=41070 train_loss=2.064418
step=41080 train_loss=1.503310
step=41090 train_loss=1.709028
step=41100 train_loss=1.878167
step=41110 train_loss=1.687010
step=41120 train_loss=1.776959
step=41130 train_loss=1.632801
step=41140 train_loss=1.773186
step=41150 train_loss=2.000120
step=41160 train_loss=2.161472
step=41170 train_loss=1.870413
step=41180 train_loss=2.034338
step=41190 train_loss=1.594912
step=41200 train_loss=2.147269
step=41210 train_loss=1.785735
step=41220 train_loss=1.646962
step=41230 train_loss=1.912013
step=41240 train_loss=1.951290
step=41250 train_loss=2.016444
step=41260 train_loss=1.812940
step=41270 train_loss=1.781699
step=41280 train_loss=1.740890
step=41290 train_loss=1.846054
step=41300 train_loss=1.711022
step=41310 train_loss=1.908995
step=41320 train_loss=1.399948
step=41330 train_loss=1.772458
step=41340 train_loss=2.089572
step=41350 train_loss=1.474285
step=41360 train_loss=1.550459
step=41370 train_loss=1.522820
step=41380 train_loss=1.601689
step=41390 train_loss=2.118506
step=41400 train_loss=2.076364
step=41410 train_loss=1.648959
step=41420 train_loss=2.013852
step=41430 train_loss=1.745279
step=41440 train_loss=1.654327
step=41450 train_loss=1.613498
step=41460 train_loss=1.789533
step=41470 train_loss=2.110773
step=41480 train_loss=1.833685
step=41490 train_loss=1.691421
step=41500 train_loss=1.957376
step=41510 train_loss=2.014389
step=41520 train_loss=2.113687
step=41530 train_loss=1.807733
step=41540 train_loss=1.561664
step=41550 train_loss=1.713709
step=41560 train_loss=1.773021
step=41570 train_loss=1.583427
step=41580 train_loss=1.972334
step=41590 train_loss=1.712380
step=41600 train_loss=1.881565
step=41610 train_loss=1.759873
step=41620 train_loss=1.984712
step=41630 train_loss=1.766773
step=41640 train_loss=1.836588
step=41650 train_loss=1.556574
step=41660 train_loss=1.969363
step=41670 train_loss=1.648582
step=41680 train_loss=1.903223
step=41690 train_loss=1.763434
step=41700 train_loss=1.652795
step=41710 train_loss=1.656440
step=41720 train_loss=2.135088
step=41730 train_loss=1.679620
step=41740 train_loss=1.974659
step=41750 train_loss=1.461133
step=41760 train_loss=1.530329
step=41770 train_loss=1.918397
step=41780 train_loss=2.187867
step=41790 train_loss=1.694081
step=41800 train_loss=1.767040
step=41810 train_loss=1.704427
step=41820 train_loss=1.716031
step=41830 train_loss=1.875083
step=41840 train_loss=1.514388
step=41850 train_loss=1.708949
step=41860 train_loss=1.884734
step=41870 train_loss=1.868052
step=41880 train_loss=1.552811
step=41890 train_loss=1.439122
step=41900 train_loss=2.004879
step=41910 train_loss=1.500530
step=41920 train_loss=1.700778
step=41930 train_loss=2.004206
step=41940 train_loss=1.973680
step=41950 train_loss=1.498680
step=41960 train_loss=1.911165
step=41970 train_loss=1.449291
step=41980 train_loss=2.201049
step=41990 train_loss=1.726317
step=42000 train_loss=2.070379 eval_loss=2.760626
step=42010 train_loss=1.838084
step=42020 train_loss=2.137201
step=42030 train_loss=1.652477
step=42040 train_loss=1.675925
step=42050 train_loss=2.134842
step=42060 train_loss=1.377259
step=42070 train_loss=1.607761
step=42080 train_loss=1.980147
step=42090 train_loss=1.610379
step=42100 train_loss=2.044386
step=42110 train_loss=1.794383
step=42120 train_loss=1.443701
step=42130 train_loss=1.583080
step=42140 train_loss=1.548122
step=42150 train_loss=1.344938
step=42160 train_loss=2.180907
step=42170 train_loss=1.800330
step=42180 train_loss=2.155068
step=42190 train_loss=2.019497
step=42200 train_loss=1.705379
step=42210 train_loss=1.848122
step=42220 train_loss=2.136045
step=42230 train_loss=1.843312
step=42240 train_loss=1.809161
step=42250 train_loss=1.535573
step=42260 train_loss=1.783752
step=42270 train_loss=1.924390
step=42280 train_loss=1.776400
step=42290 train_loss=1.835415
step=42300 train_loss=1.641005
step=42310 train_loss=1.651386
step=42320 train_loss=1.801369
step=42330 train_loss=1.762330
step=42340 train_loss=1.826994
step=42350 train_loss=1.732336
step=42360 train_loss=1.768690
step=42370 train_loss=1.639314
step=42380 train_loss=1.910000
step=42390 train_loss=1.720300
step=42400 train_loss=1.924127
step=42410 train_loss=1.498550
step=42420 train_loss=1.734252
step=42430 train_loss=1.609863
step=42440 train_loss=1.862444
step=42450 train_loss=1.856882
step=42460 train_loss=1.666466
step=42470 train_loss=1.775646
step=42480 train_loss=1.625449
step=42490 train_loss=1.870605
step=42500 train_loss=1.876716
step=42510 train_loss=1.889053
step=42520 train_loss=1.955643
step=42530 train_loss=1.652333
step=42540 train_loss=2.176613
step=42550 train_loss=1.865868
step=42560 train_loss=1.676552
step=42570 train_loss=1.503355
step=42580 train_loss=1.561348
step=42590 train_loss=1.914121
step=42600 train_loss=1.675349
step=42610 train_loss=1.713632
step=42620 train_loss=1.836718
step=42630 train_loss=1.899840
step=42640 train_loss=1.824819
step=42650 train_loss=1.337540
step=42660 train_loss=1.627550
step=42670 train_loss=1.434492
step=42680 train_loss=2.040753
step=42690 train_loss=1.693511
step=42700 train_loss=1.847382
step=42710 train_loss=2.042302
step=42720 train_loss=1.726195
step=42730 train_loss=1.467853
step=42740 train_loss=1.742173
step=42750 train_loss=1.940784
step=42760 train_loss=2.069298
step=42770 train_loss=1.806455
step=42780 train_loss=1.653868
step=42790 train_loss=1.824937
step=42800 train_loss=1.637920
step=42810 train_loss=1.973988
step=42820 train_loss=1.397020
step=42830 train_loss=1.924889
step=42840 train_loss=2.049130
step=42850 train_loss=2.228468
step=42860 train_loss=1.729361
step=42870 train_loss=2.047274
step=42880 train_loss=1.782914
step=42890 train_loss=1.947713
step=42900 train_loss=1.678011
step=42910 train_loss=1.544063
step=42920 train_loss=1.682617
step=42930 train_loss=1.867879
step=42940 train_loss=1.761270
step=42950 train_loss=1.555187
step=42960 train_loss=1.448973
step=42970 train_loss=2.194071
step=42980 train_loss=1.851783
step=42990 train_loss=1.887529
step=43000 train_loss=1.713000 eval_loss=2.760744
step=43010 train_loss=1.582918
step=43020 train_loss=2.169108
step=43030 train_loss=1.717138
step=43040 train_loss=1.701678
step=43050 train_loss=1.991407
step=43060 train_loss=1.726688
step=43070 train_loss=1.603776
step=43080 train_loss=1.796484
step=43090 train_loss=1.519499
step=43100 train_loss=1.623029
step=43110 train_loss=1.618407
step=43120 train_loss=1.580380
step=43130 train_loss=1.806005
step=43140 train_loss=1.586144
step=43150 train_loss=2.230920
step=43160 train_loss=1.640654
step=43170 train_loss=1.900983
step=43180 train_loss=1.613240
step=43190 train_loss=1.987176
step=43200 train_loss=1.763986
step=43210 train_loss=1.663791
step=43220 train_loss=1.822576
step=43230 train_loss=1.708910
step=43240 train_loss=1.986972
step=43250 train_loss=1.728766
step=43260 train_loss=1.976981
step=43270 train_loss=1.679069
step=43280 train_loss=1.755829
step=43290 train_loss=2.038551
step=43300 train_loss=1.638529
step=43310 train_loss=1.683430
step=43320 train_loss=1.516282
step=43330 train_loss=1.854884
step=43340 train_loss=1.827573
step=43350 train_loss=2.168518
step=43360 train_loss=1.761541
step=43370 train_loss=1.841509
step=43380 train_loss=1.931906
step=43390 train_loss=1.645842
step=43400 train_loss=1.774387
step=43410 train_loss=1.837168
step=43420 train_loss=2.056230
step=43430 train_loss=2.000568
step=43440 train_loss=1.566405
step=43450 train_loss=2.079187
step=43460 train_loss=1.821985
step=43470 train_loss=1.854576
step=43480 train_loss=1.861417
step=43490 train_loss=1.832898
step=43500 train_loss=1.713155
step=43510 train_loss=1.591510
step=43520 train_loss=2.090695
step=43530 train_loss=1.744413
step=43540 train_loss=1.613100
step=43550 train_loss=2.178282
step=43560 train_loss=1.630601
step=43570 train_loss=1.644980
step=43580 train_loss=1.749252
step=43590 train_loss=1.711146
step=43600 train_loss=1.695843
step=43610 train_loss=1.983267
step=43620 train_loss=1.769414
step=43630 train_loss=1.533737
step=43640 train_loss=1.780652
step=43650 train_loss=1.724750
step=43660 train_loss=1.972386
step=43670 train_loss=1.646134
step=43680 train_loss=1.457089
step=43690 train_loss=1.694311
step=43700 train_loss=2.083432
step=43710 train_loss=1.681181
step=43720 train_loss=1.802143
step=43730 train_loss=1.500013
step=43740 train_loss=1.927464
step=43750 train_loss=1.942962
step=43760 train_loss=2.036565
step=43770 train_loss=1.835034
step=43780 train_loss=2.019120
step=43790 train_loss=2.084464
step=43800 train_loss=1.602849
step=43810 train_loss=1.706675
step=43820 train_loss=1.702126
step=43830 train_loss=1.593797
step=43840 train_loss=2.035125
step=43850 train_loss=1.514136
step=43860 train_loss=1.828892
step=43870 train_loss=1.777644
step=43880 train_loss=1.773566
step=43890 train_loss=1.805892
step=43900 train_loss=2.078914
step=43910 train_loss=1.994594
step=43920 train_loss=1.956466
step=43930 train_loss=2.035809
step=43940 train_loss=2.037397
step=43950 train_loss=1.518495
step=43960 train_loss=1.441853
step=43970 train_loss=1.428642
step=43980 train_loss=1.786204
step=43990 train_loss=1.352409
step=44000 train_loss=1.480046 eval_loss=2.758346
step=44010 train_loss=1.672924
step=44020 train_loss=1.523467
step=44030 train_loss=1.547436
step=44040 train_loss=1.772231
step=44050 train_loss=1.919014
step=44060 train_loss=1.484170
step=44070 train_loss=1.930227
step=44080 train_loss=1.805774
step=44090 train_loss=2.080405
step=44100 train_loss=1.442538
step=44110 train_loss=1.652311
step=44120 train_loss=2.005339
step=44130 train_loss=1.838357
step=44140 train_loss=2.016337
step=44150 train_loss=1.359017
step=44160 train_loss=1.819503
step=44170 train_loss=1.899041
step=44180 train_loss=2.085416
step=44190 train_loss=1.791811
step=44200 train_loss=1.829897
step=44210 train_loss=1.980099
step=44220 train_loss=1.548880
step=44230 train_loss=1.590813
step=44240 train_loss=1.823775
step=44250 train_loss=1.526928
step=44260 train_loss=2.182728
step=44270 train_loss=1.570990
step=44280 train_loss=1.777844
step=44290 train_loss=1.978384
step=44300 train_loss=1.600584
step=44310 train_loss=1.843995
step=44320 train_loss=1.605048
step=44330 train_loss=1.813269
step=44340 train_loss=2.066482
step=44350 train_loss=2.024253
step=44360 train_loss=1.791803
step=44370 train_loss=1.910382
step=44380 train_loss=1.761378
step=44390 train_loss=1.767798
step=44400 train_loss=2.071888
step=44410 train_loss=1.938213
step=44420 train_loss=1.643312
step=44430 train_loss=1.946217
step=44440 train_loss=2.143902
step=44450 train_loss=1.812406
step=44460 train_loss=2.207377
step=44470 train_loss=1.814462
step=44480 train_loss=1.989417
step=44490 train_loss=1.640508
step=44500 train_loss=1.893238
step=44510 train_loss=1.660497
step=44520 train_loss=1.525155
step=44530 train_loss=2.262749
step=44540 train_loss=1.789267
step=44550 train_loss=1.691878
step=44560 train_loss=2.080095
step=44570 train_loss=2.076413
step=44580 train_loss=1.780145
step=44590 train_loss=1.664807
step=44600 train_loss=2.014520
step=44610 train_loss=2.057658
step=44620 train_loss=1.579932
step=44630 train_loss=1.897156
step=44640 train_loss=1.595293
step=44650 train_loss=1.712056
step=44660 train_loss=1.728031
step=44670 train_loss=1.724703
step=44680 train_loss=1.893010
step=44690 train_loss=2.170246
step=44700 train_loss=1.726079
step=44710 train_loss=1.694742
step=44720 train_loss=1.981410
step=44730 train_loss=1.741272
step=44740 train_loss=1.983306
step=44750 train_loss=1.823314
step=44760 train_loss=2.275232
step=44770 train_loss=1.741084
step=44780 train_loss=1.676248
step=44790 train_loss=1.893347
step=44800 train_loss=1.762654
step=44810 train_loss=1.592507
step=44820 train_loss=1.674039
step=44830 train_loss=1.701015
step=44840 train_loss=1.723512
step=44850 train_loss=2.533620
step=44860 train_loss=1.715249
step=44870 train_loss=1.548163
step=44880 train_loss=1.548319
step=44890 train_loss=1.863097
step=44900 train_loss=1.805185
step=44910 train_loss=1.559180
step=44920 train_loss=1.613396
step=44930 train_loss=1.847872
step=44940 train_loss=1.572116
step=44950 train_loss=2.232441
step=44960 train_loss=1.695063
step=44970 train_loss=2.041815
step=44980 train_loss=1.592962
step=44990 train_loss=1.598093
step=45000 train_loss=2.060604 eval_loss=2.752242
step=45010 train_loss=1.779712
step=45020 train_loss=1.650434
step=45030 train_loss=1.444143
step=45040 train_loss=1.539773
step=45050 train_loss=1.783038
step=45060 train_loss=1.774030
step=45070 train_loss=1.792729
step=45080 train_loss=1.876506
step=45090 train_loss=1.718063
step=45100 train_loss=2.036360
step=45110 train_loss=1.434542
step=45120 train_loss=1.697457
step=45130 train_loss=1.276531
step=45140 train_loss=1.894694
step=45150 train_loss=1.890532
step=45160 train_loss=1.843406
step=45170 train_loss=1.739426
step=45180 train_loss=1.743562
step=45190 train_loss=1.894358
step=45191 train_loss=1.788147 eval_loss=2.754549
Completed pretraining run native-60m-base-v1-s42
  parameters: 62,927,616
  steps: 45191
  tokens_seen: 369480328
  target_train_tokens: 369476240
  epochs_seen: 8.0001
  target_token_coverage: 100.00%
  final_loss: 1.788147
  checkpoint: /root/zitong/llm-lifecycle-lab/runs/native-60m-base-v1-s42/checkpoints/step-00045191
